"Gender","Residence","Age","Employment","Education","Marital_status","Caregiver","Medication_types","Smoking","BMI","Dialysis_vintage","Dialysis_frequency","Intradialytic_eating","Etiology","Vascular_access","Hypertension","Diabetes","Hospitalizations_last_year","WBC","RBC","Hemoglobin","CRP","Serum_iron","TIBC","Ferritin","Serum_albumin","Prealbumin","Lipoprotein_a","Total_cholesterol","Triglycerides","LDL_C","HDL_C","Platelet","Potassium","Calcium","Phosphorus","PTH","Vitamin_D","BUN","Creatinine","Malnutrition"
0,1,50,1,4,0,0,1,1,19.1515847936417,30,1,0,1,1,1,1,3,4.6,4.44,103.7,5.28,4.73,43.27344,12,29.079,151.632,95.5,4,0.696,1.86,1.28,164,4.6,2.06,1.84,192.5,34.8,19.5,701,0
0,1,76,1,3,0,0,1,1,19.3771626297578,18,1,0,4,1,1,0,3,6,3.16,85.85,13.5,5.18,26.28288,112.7,30.78,208.944,152.2,4.09,0.936,2.78,0.93,111,4.6,2.15,1.82,36.77,55.36,15.6,827,0
1,1,80,1,2,1,1,2,0,19.7979634062234,60,1,0,4,1,0,0,1,3.3,3.8,99.45,32.2,37.35,33.67008,136.7,29.16,76.32,473.2,3.06,0.992,1.79,0.68,101,4.4,2.36,1.33,2.62,78.64,16.1,387,0
1,1,42,1,3,1,2,2,1,24.390243902439,6,1,0,2,1,1,0,1,8.9,2.94,70.55,27.18,2.92,37.95336,23.3,28.512,159.12,101.5,4.84,1.248,3.45,0.68,184,3.4,1.99,1.47,68.1,46.16,67.2,1253,0
0,1,48,1,4,0,0,1,0,27.0339761248852,36,1,0,4,0,1,0,2,7.7,3.8,95.2,22.83,10.5,31.56408,179,30.78,233.64,41.7,3.8,1.672,2.19,0.72,236,3.1,2.17,1.67,170.5,33.6,11.5,567,0
0,1,50,0,3,0,0,1,0,22.7244034844085,12,1,0,2,0,1,0,0,5.1,3.05,91.8,22.1,9.1,36.73512,257.7,33.777,139.032,295.3,6.03,1.648,3.1,1.35,165,3.9,2.17,1.41,242.7,33.44,17.02,808.6,0
0,1,45,1,4,0,0,0,1,18.7109492465502,72,1,0,4,0,1,0,0,6.3,3.51,85,5.71,10.97,30.92256,18.9,33.048,246.6,233.4,4.82,1.712,3.04,0.94,327,4.7,2.15,2.98,926.7,25.76,30.1,1337,1
0,0,52,1,1,0,0,1,0,17.6308539944904,78,1,0,4,0,1,0,0,6.5,3.41,87.55,5.81,13.34,28.32408,244.1,33.534,200.304,147.1,3.15,0.712,1.88,0.92,193,4.6,2.61,1.51,2247,92,7.8,312,1
0,1,80,1,3,0,1,0,0,17.2516359309935,24,1,0,4,0,0,0,3,6,3.4,90.95,24.6,12.81,24.74064,177,23.49,71.28,46.6,2.71,17.12,1.67,0.64,169,3.9,2.07,1.35,73.46,39.28,13.5,766,0
0,1,90,1,4,0,2,1,0,19.792749829682,36,1,0,0,0,1,0,3,9.1,4.9,119,11.87,9.63,44.75736,347,29.97,167.112,326.7,3.81,2.12,2.46,1.75,148,3.8,2.41,1.96,409.4,46,26.23,500.6,1
1,1,70,1,3,0,1,1,0,19.2043895747599,24,1,0,1,0,1,1,2,4.5,3.43,86.7,1.23,10.51,38.89944,105,32.4,119.088,13.9,1.94,0.56,0.82,0.74,121,5.2,2.06,1.87,474.3,20.24,23.9,490,0
1,1,72,1,3,0,0,1,0,19.2276878705336,12,1,0,1,0,1,1,3,10.3,4.53,104.55,2.74,8.11,34.71336,19.2,30.618,208.656,214.3,7.2,2.464,5.06,0.97,257,3.9,2.11,2.04,109.6,29.28,8.3,287,0
0,1,52,0,4,0,0,1,0,20.5289216278227,9,1,0,1,0,1,0,2,4.1,3.36,81.6,21.8,8.91,30.67632,298.4,26.73,112.608,105,2.98,0.568,1.55,1.11,69,3.9,1.94,1.67,127.4,39.2,21.6,641,0
0,1,70,1,2,0,0,0,0,15.4669839381321,22,1,0,2,0,1,0,0,6.2,5.17,119,4.12,10.47,35.154,30,28.107,211.104,222.2,4.86,2.136,3.03,0.73,163,3.8,2.65,2.36,376.2,54.4,7.1,325,1
1,1,35,1,4,1,2,2,1,17.6692965154504,60,1,0,1,1,1,1,2,5.3,3.03,74.8,5.26,10.71,27.95472,170.9,29.16,192.744,36.5,2.96,0.976,1.05,1.37,104,3.2,2.12,2,90.35,16,4.8,751,1
1,1,85,1,1,0,1,1,0,22.7189744005842,18,1,0,0,0,1,1,2,10.3,4.61,111.35,0.5,13.64,28.44072,98.1,27.864,204.84,51.6,3.84,0.64,2.46,1.01,162,3.6,2.13,1.93,35.38,77.12,11.8,356,0
1,1,68,1,3,0,0,2,0,18.1448686311511,84,1,0,1,0,1,1,0,6.3,3.94,99.45,5.48,6.08,25.3692,76.5,33.129,231.408,28.7,4.7,1.904,2.63,0.71,201,4.5,2.46,2.12,159.1,41.52,7.3,327,1
1,1,66,1,3,0,1,1,0,19.505898382875,16,1,1,2,0,1,0,1,7.2,4.08,107.95,1.93,15.45,30.83184,180.5,32.886,190.296,490.4,4.69,1.72,2.41,1.4,187,3.1,2.33,2.84,205,36,8.7,321,0
1,1,65,1,3,0,1,1,0,16.6639961544624,200,1,1,2,0,1,0,0,4.3,2.55,67.15,9.27,11.05,27.54648,144.2,30.537,233.496,55.1,4.88,4.064,1.6,0.8,112,4.1,2.07,0.99,2047,29.36,4.1,183,1
0,1,44,0,4,0,0,2,0,20.8979591836735,3,1,1,2,0,1,0,3,4,2.15,57.8,5.02,14.03,29.55528,243.7,28.998,171.216,55.1,4.55,1.768,2.01,1.02,149,4.5,2.05,1.15,140.1,27.36,31.9,1096,1
1,1,72,1,2,0,0,0,0,16.0036579789666,12,0,0,3,0,1,0,3,7.2,3.83,110.5,0.55,16.88,27.77976,308.5,31.59,211.392,426.1,4.05,1.52,2.41,1,160,3.77042183264195,2.3,1.42,84.89,46.24,6.3,167,0
0,1,73,1,4,0,0,1,0,17.1753203857841,72,1,0,4,0,1,0,0,7.6,3.61,97.75,1.7,12.18,30.63744,47,32.481,229.968,47.3,3.56,1.712,1.86,0.72,236,4.10497555468825,2.5,1.93,185.2,58.96,10.4,385,1
1,1,40,0,4,1,2,0,0,16.1560737692425,180,1,0,4,0,0,0,0,6.2,3.79,96.05,12.74,14.24,30.17088,26.1,32.724,249.696,285.7,5.09,1.56,3.02,1.04,203,4.8,2.1,1.63,96.82,21.68,5.7,307,1
1,1,70,1,3,0,0,1,0,17.2902494331066,12,1,0,0,0,1,1,3,10.8,2.95,63.75,80.45,3.05,40.338,66.6,26.73,127.224,204.6,2.65,0.408,1.58,0.9,307,4.22500052410042,2.13,1.22,141.2,18.88,11.8,383,0
0,1,48,0,3,1,2,1,0,18.21854912764,60,1,0,0,0,1,0,1,9.5,4.05,95.2,7.64,12.62,52.54632,21.1,38.07,204.408,37,2.84,1.008,1.65,0.66,255,5.1,2.34,2.64,267.3,59.28,7,303,1
0,1,64,1,3,0,0,2,1,18.0785123966942,1,0,0,1,0,1,1,3,7.35237867150977,3.26,85,0.5,10.83,30.83832,96.5,28.998,194.472,318.1,3.33,1.176,1.74,0.96,252,3.5,2.11,1.3,79.32,42,22.2,462,0
0,1,79,1,3,0,0,1,1,17.5770686857761,72,1,0,0,0,1,0,0,12.4,4.19,107.95,5.2,9.72,24.89616,141.5,30.456,171.288,134.9,3.85,0.64,1.56,1.9,265,5.8,2.27,1.63,41.36,115.2,26.3,1114,1
1,1,69,1,3,0,2,1,0,18.066167337875,12,1,0,1,1,1,1,1,4.9,3.51,94.35,1.63,13.85,36.612,25.6,29.16,164.592,97.1,3.57,1.8,2.02,0.77,142,3.6,2.17,1.59,33.96,49.12,8,267,0
0,1,69,1,2,0,0,1,0,19.5682363337962,72,1,0,3,0,0,0,2,6,3.29,74.8,18.95,9.12,31.18176,110.9,31.347,183.024,166.6,3.68,1.24,2.29,0.82,168,4.6,2.12,1.81,229.4,33.36,12.2,420,0
0,1,79,1,2,0,0,0,0,17.5925925925926,36,1,0,4,0,1,0,0,5.8,4.01,87.55,8.59,2.55,23.43168,232.2,25.92,69.12,56.3,2.06,0.272,0.86,1.02,64,5.5,2.17,1.37,64.58,30,16.4,737,1
0,1,79,1,3,0,0,2,0,19.6877869605142,36,1,0,0,0,1,1,1,6.3,3.6,85,2.24,14.24,28.82304,70.9,28.593,161.712,273.8,3.01,1.416,1.97,0.7,170,4.2,2.06,1.05,133.4,45.28,8.4,363,1
0,1,76,1,2,0,0,1,0,16.6089965397924,2,1,0,1,1,1,1,3,9.3,4.23,103.7,0.56,8.88,37.07856,28.6,30.051,167.256,288.4,2.69,0.544,1.59,0.8,112,4.9,2.14,2.14,39.74,46.96,22.4,624,0
0,1,69,1,3,0,0,0,1,18.2857142857143,12,1,0,4,0,1,1,3,10.9,3.15,84.15,7.63,9.68,27.17064,108.3,27.864,191.736,310,2.3,0.576,1.1,0.89,136,4.17366090226752,2.04,1.93,73.23,44.96,13.4,327,0
0,1,77,1,3,0,0,0,0,20.2076124567474,24,1,0,4,0,1,0,2,5.7,3.58,90.1,1.29,11.48,32.84064,40,30.699,223.632,95.6,3.9,2.68,1.46,0.64,202,3.8,2.07,3.03,38.6,31.6,8.1,450,0
0,1,68,1,3,1,2,0,1,18.4375,24,1,0,0,0,1,1,1,5,3.12,79.9,4.28,7.41,30.11256,119.3,27.783,119.304,44.1,1.93,0.728,1.05,0.59,131,4.2,2.42,0.77,10.62,16,16.2,607,1
0,1,62,1,3,0,0,0,0,18.9291508923743,24,1,1,0,0,1,1,1,6.2,4.98,82.45,24.5,15.92,37.78488,234,26.244,234.36,294.5,4.13,2.208,3.39,1.97,250,4,2.36,1.85,608.5,24.72,18.87,863.9,0
1,1,71,1,0,0,0,2,0,17.89802289282,12,1,0,0,0,1,0,1,5.6,4.16,113.9,0.5,8.11,25.9848,120.1,35.316,197.496,48.2,2.91,0.92,2.15,0.98,203,4.7,2.35,1.68,84.78,104,21.99,432.5,0
0,1,66,1,3,0,0,1,1,19.3771626297578,26,1,1,1,0,1,1,3,7.1,3.08,81.6,0.61,9.74,34.04592,30.1,31.023,182.232,46.5,2.88,0.856,1.72,0.67,160,5.6,2.2,1.75,40.83,31.36,25.3,1145,0
0,1,74,1,3,0,0,2,1,19.0249702734839,180,1,1,3,0,1,0,0,9.4,4.32,109.65,3.55,9.02,24.64344,290.6,30.537,222.768,361.5,4.68,1.328,3.26,0.63,182,3.8,2.4,2.3,293.2,43.28,7.1,269,1
1,1,70,1,3,1,2,0,0,19.2043895747599,26,1,1,0,0,1,1,2,5.5,3.73,89.25,3.74,14.01,29.08224,335.7,29.16,140.976,96.7,2.59,0.968,1.46,0.66,148,3.2,2.22,1.08,90.48,33.92,8.2,179,1
1,1,42,1,2,0,0,0,0,19.9762187871581,132,1,1,3,0,1,0,2,6.5,3.19,113.05,6.51,16.87,43.85664,284.4,35.154,206.784,322.2,5.94,1.376,2.61,1.13,213,3.9,2.12,1.94,336.1,54.56,29.09,607.5,1
0,1,72,1,2,0,0,2,0,22.1453287197232,20,1,1,0,0,1,1,3,7.1,3.89,99.45,0.78,18.53,35.74368,116.2,27.783,119.304,44.1,1.93,0.728,1.05,0.59,154,4.1,2.25,1.4,137.5,32.72,11.7,444,0
1,1,73,1,3,0,0,1,0,19.8686107995514,84,1,1,0,0,1,1,2,8.1,3.77,100.3,7.26,16.62,27.7344,356.7,30.051,219.96,93,4.63,2.712,2.1,0.75,226,3.7,2.23,1.82,623.6,24,7.8,263,1
0,1,72,1,2,0,0,1,0,21.8479745106964,30,1,1,2,0,1,0,0,5.9,5.38,98.6,2.96,21.16,31.0716,281.5,28.188,242.568,134.9,4.4,1.936,3.25,1.77,378,5,2.28,1,192.1,45.52,24.9,1079.9,1
0,1,77,1,4,0,0,1,1,21.2595155709343,10,1,1,1,1,1,1,1,3.7,3.37,86.7,23.58,6.98,35.24472,129.6,30.213,85.032,62.7,2.13,3.12,0.45,0.73,78,5.8,2.03,1.76,303.1,22,27.2,678,0
1,1,45,0,3,1,2,1,0,17.4449267718772,17,1,1,4,0,0,0,2,9.4,2.67,74.8,8.77,26.8,32.87952,102.6,31.347,265.752,95,3.81,2.504,2.33,0.61,147,5.3,2.22,1.55,216.9,43.52,8.1,290,1
0,1,79,1,2,0,0,2,0,16.4643595041322,72,1,0,4,0,0,0,1,5.1,2.93,85.85,4.31,20.07,31.1364,485.1,30.456,215.496,117.8,2.42,0.76,1.13,0.84,122,3.7,2.31,1.02,68.24,34.48,9.1,251,1
0,1,61,1,2,0,0,1,0,20.6916099773243,192,1,0,2,0,1,0,2,6.7,4.29,113.9,4.77,12.1,27.23544,695,32.643,307.728,39.2,3.96,4.208,1.66,0.57,186,3.8,2.71,1.84,281.9,53.6,13.4,603,1
1,1,88,1,2,0,1,2,0,16.1386021122582,12,1,1,0,1,1,1,0,8.7,2.71,73.1,48.1,6.58,40.23432,369.8,26.73,117.648,17.1,3.15,0.912,1.25,1.32,50,4,2.36,0.95,106.8,39.92,31.9,829,0
0,1,73,1,3,0,0,2,1,18.140589569161,12,1,1,3,0,1,0,0,8.6,4.68,93.5,2.78,25.12,37.67472,134,32.481,203.04,53.5,4.68,1.136,2.89,1.02,129,4.8,2.08,1.97,124.8,36,9,363,0
0,1,78,1,2,0,0,2,1,17.2360726377347,120,1,1,2,0,1,0,3,7.1,5.18,76.5,2.97,13.41,26.54856,144.1,26.892,195.192,124.2,3.05,0.848,1.74,0.87,152,3.2,2.52,2.58,516.7,20.24,10.5,384,1
0,1,81,1,3,0,0,1,0,18.5123966942149,42,2,1,0,0,0,0,3,5.9,3.44,91.8,2.73,12.5,34.18848,136.2,28.269,62.28,349,2.55,1.344,1.39,0.51,152,4.4,2.31,1.38,74.56,34,6.9,282,1
1,1,48,1,2,0,2,2,0,15.8677685950413,120,1,0,3,0,1,1,3,6.8,3.63,87.55,3.91,13.14,30.2616,36.3,32.562,235.368,77.5,2.14,1.208,0.63,0.9,181,3.8,2.42,2.14,327.3,30.88,6.7,262,1
0,1,73,1,1,0,1,0,0,19.375,48,1,0,4,0,0,1,0,9.2,3.85,92.65,6.82,7.13,33.31368,85,31.185,220.968,302.8,4.63,2.368,2.55,0.96,356,3.91185437441871,2.26,1.46,21.33,23.04,7.1,337,1
0,1,48,0,4,1,2,1,0,16.9795918367347,96,1,0,3,0,1,0,0,6.3,3.54,87.55,3.79,5.46,29.73672,93.9,30.294,200.592,177.5,4.53,2.704,2.6,1.09,239,3.94776714870733,2.01,1.69,1051,31.12,7.9,370,1
1,1,32,1,4,1,2,2,0,26.5625,48,0,1,4,0,0,0,3,10.1,3.27,79.05,6.46,1.73,17.94448,8.5,24.6734382249709,40.896,224.3,4.34,0.288,2.55,0.72,278,2.8,1.53,0.33,116.9,16,28.2,941,1
0,1,48,0,4,0,0,1,0,16.5725550469444,12,1,0,0,0,1,0,0,6,3.37,90.95,1.82,24.41,29.83392,162.7,31.914,223.056,43.4,4.01,1.832,2.03,0.76,221,4.5,2.2,2.88,287,62.96,8.8,503,0
0,1,64,1,3,0,1,1,0,17.5619834710744,24,0,1,0,0,1,1,0,7.5,3.3,89.25,4.06,13.14,33.7932,88.5,32.319,276.048,47.3,3.92,1.24,2.28,0.77,236,4.1,2.31,1.36,233,35.12,10.4,497,0
0,1,54,1,3,1,2,1,0,18.1795227875268,24,1,0,4,0,0,0,1,3.8,2.67,75.65,48.5,22.85,39.92976,196.4,30.618,431.856,62.3,5.99,9.576,3.14,0.93,116,3,2.56,1.12,10.34,70.08,9.89,840.4,0
0,1,52,1,4,0,0,1,1,18.699780861943,60,1,0,4,0,1,1,0,6.2,5.39,123.25,6.34,23.33,35.84736,171.3,28.431,198,96.8,2.6,0.96,1.42,0.79,164,3.9,2.09,1.66,145.7,26.8,6.6,600,1
0,1,84,1,4,0,0,0,0,19.3771626297578,24,1,0,1,0,1,1,1,7.4,3.76,114.75,47.2,10.33,33.15168,147.5,31.671,114.048,17.7,4.36,1.4,2.6,1.04,56,3.97650978625597,2.24,1.22,213.1,26.08,14.4,359,0
0,1,38,1,4,1,2,1,0,17.3010380622837,2,1,0,4,1,1,0,1,7.2,2.73,68.85,18,4.28,35.56872,46.1,30.942,154.152,20.1,3.05,1.584,1.95,0.98,229,4.3,2.11,1.35,101.1,25.2,12.7,315,0
0,1,50,1,3,0,0,2,1,20.6611570247934,140,1,0,0,0,0,0,0,6.2,3.8,126.65,5.19,11.65,35.11512,219.1,27.135,187.776,140.3,4.93,1.344,3.32,1.58,154,4.5,2.39,1.64,609.9,53.52,22.65,416.2,1
0,1,73,1,2,0,0,2,0,22.6757369614512,1,1,0,1,1,1,1,3,4.9,3.79,89.25,0.5,10.1,36.78696,33,33.453,160.056,69.7,2.98,2.696,1.69,0.48,85,3.9,2.15,1.85,167,31.92,10.5,305,0
1,1,44,0,4,0,0,2,0,16.40625,2,0,0,1,1,1,1,3,6.6,3.54,81.6,4.78,6.37,34.59024,90.5,30.78,185.04,144.5,2.44,0.944,1.03,0.88,220,6.9,2.13,1.95,89.14,24.96,17.2,460,1
0,1,63,1,4,0,2,0,0,17.7037917822698,60,1,0,3,0,0,0,0,4.7,4.19,77.35,6,7.08,28.05192,40.9,31.023,112.104,54.9,2.13,0.56,1.27,0.71,133,4.60504779267114,2.26,2.89,949.8,35.84,11.4,404,1
0,1,47,1,2,1,2,1,0,20.5693296602388,2,1,0,2,0,1,1,3,9.4,3.16,81.6,0.5,13.89,32.42592,53.7,35.64,246.888,44.2,2.45,0.688,1.19,0.72,171,3.2,2.28,1.86,85.56,28.88,8.4,312,0
0,1,77,1,4,0,0,2,0,18.6587344510546,36,1,0,4,0,1,0,0,5.9,3.39,93.5,9.99,14.01,38.31624,62.6,32.481,256.104,175.4,5.13,2.768,2.7,0.92,214,3.9,2.12,1.42,166.4,45.76,6.9,383,1
1,1,78,1,2,0,0,1,0,18.1126916997736,12,1,0,4,0,1,0,1,6.8,3.74,96.05,28.7,14.63,42.15888,7.8,28.917,136.944,84.2,3.02,1.752,1.66,0.69,202,4,2.44,0.98,109,33.28,5.1,142,0
0,1,72,1,3,0,0,2,1,15.934693877551,18,1,0,4,0,0,0,3,5.8,2.39,66.3,0.5,14.15,30.5856,517.9,26.406,245.232,839.8,2.76,1.784,1.16,0.84,232,2.7,2.03,0.92,140.2,50.8,6,271,0
0,1,63,1,2,0,0,1,0,16.6089965397924,36,1,0,4,0,1,0,2,5.5,4.35,107.1,0.5,5.55,44.49168,7.7,31.59,110.376,210.1,2.23,1.584,1.82,0.88,115,6.4,1.89,2.11,276.5,58.4,24.7,1075,0
0,1,60,1,2,1,2,0,1,17.2390481341266,72,1,0,2,0,1,0,0,5.4,3.84,96.9,7.69,23.72,31.44096,193.8,30.294,170.856,34.4,2.4,4.04,1.25,0.94,230,3.4,2.14,0.94,139.7,47.44,8.6,329,1
0,1,80,1,2,0,1,0,0,17.439556084027,60,1,0,4,0,1,0,0,8.1,3.82,86.7,4.24,6.21,34.94016,12.1,26.811,183.888,75.1,3.15,1.592,2.01,0.91,160,4.4,2.47,2,440.3,36,10.4,517,1
1,1,73,1,3,0,0,1,0,21.2514757969303,84,1,1,4,0,1,1,2,3.4,4.03,102,4.93,10.89,42.65784,154.3,31.266,211.104,64.9,3.13,1.12,1.18,1.35,122,4.6,2.42,1.37,306.9,16,8.7,299,1
1,1,67,1,3,0,2,2,0,16.8242268867169,22,1,0,2,0,1,0,0,4.8,3.7,94.35,6.47,11.52,32.562,75.7,29.403,164.376,95.4,2.31,0.568,0.72,1.4,115,5,2.58,1.4,217,40.8,6.4,234,1
1,1,66,1,3,0,0,1,0,20.3125,150,1,0,0,0,0,0,0,7.7,4.16,102.85,6.64,10.54,34.68096,30,31.59,297.864,523.3,4.59,2.08,2.28,1.43,153,3,2.3,1.95,309.2,32.32,7.8,326,1
1,1,78,1,1,0,0,1,0,18.6683729158041,1,1,0,4,1,1,1,3,6.1,4.02,101.15,13.46,16.75,45.1332,139.4,24.867,169.272,200.3,5.06,1.528,3.41,1.08,345,3.9,2.45,1.55,513.4,38.96,21.77,759.4,0
1,1,23,1,3,1,2,0,0,15.625,24,1,0,2,0,0,0,0,9.6,3.08,79.05,1.38,15.82,26.892,33,30.375,219.384,135.5,3.26,0.704,1.92,1.02,285,3.2,2.21,2.41,572.1,26.88,4.9,837,0
0,1,74,1,2,0,1,1,1,18.9694757047687,96,1,0,4,0,1,0,1,10,4.17,105.4,6.22,17.43,41.69232,41.1,33.939,239.328,183.8,2.89,1.512,1.78,0.61,230,4.8,2.17,1.73,494.5,44.4,11.7,373,1
1,1,80,1,4,0,0,2,0,18.2222222222222,6,1,0,4,1,1,0,3,4.7,3.5,90.95,0.5,27.83,36.20376,49.1,29.565,214.632,73.6,1.94,1.016,0.64,0.59,190,5,2.04,1.33,31.99,84.8,32.1,745,0
1,1,81,1,2,0,0,2,0,18.5867649415158,12,1,0,4,0,1,0,1,4.9,2.47,76.5,0.5,11.23,36.08064,220.9,28.755,228.456,654.8,2.7,1.328,1.33,0.82,172,4.2,2.3,1.24,125.9,44.16,10.1,272,0
0,1,52,1,2,0,0,1,0,15.2031266807702,160,1,0,4,0,1,0,0,8.4,3.68,95.2,6.22,12.93,26.13384,182.2,31.833,231.696,202.7,4.2,1.512,2.45,1.04,202,4.6,2.34,1.88,716.3,47.92,8,360,1
1,1,45,1,4,1,2,0,0,17.9930795847751,24,1,1,0,0,0,0,0,5.3,3.32,92.65,0.9,17.88,37.86264,34.7,30.294,209.736,486.5,5.51,1.104,3.49,1.33,234,3.8,2.26,2.66,98.43,21.52,7.1,336,0
1,1,83,1,1,0,1,2,0,17.422748191979,48,1,0,2,0,1,0,0,21.5,2.64,58.65,175.79,12.91,50.0904,43.9,32.481,165.24,101.6,2.76,1.496,1.53,0.82,214,5.4,2.42,0.96,371.1,46.72,4.7,207,0
0,1,71,1,2,0,1,0,0,20.2076124567474,5,1,1,2,0,1,1,3,6.6,4.26,108.8,2.35,25.63,36.08064,105.7,32.481,160.848,25.9,2.68,2.608,0.81,0.6,133,3.4,2.14,1.96,125.5,24.96,10.7,277,0
0,1,53,1,3,1,2,2,0,16.6089965397924,280,1,1,4,0,1,0,0,4.7,3.81,94.35,8.22,16.59,22.95864,70.1,29.565,240.552,262.3,3.43,0.872,2.03,0.98,146,3.7,2.3,1.34,236.4,40.48,9.1,361,1
0,1,48,1,3,1,2,0,0,17.5619834710744,96,1,1,2,0,1,0,0,5.3,3.8,96.9,6.79,17.02,32.67864,75.2,31.023,269.856,232.3,2.4,1.712,1.11,0.62,170,4.4,2.16,2.01,483,49.44,11.2,448,1
0,1,80,1,4,0,0,2,0,18.4240362811791,96,1,0,2,0,1,0,2,6.3,3.35,87.55,8.01,14.31,28.36296,306.8,28.107,232.848,207.9,3.07,1.376,1.5,0.91,197,4.4,2.22,1.11,119.1,26.08,28.1,928,1
1,1,67,1,2,0,0,0,0,19.3771626297578,10,1,1,4,1,1,0,3,6.5,4.6,113.9,12.52,28.64,38.70504,350,34.02,142.56,127,3.58,1.728,1.72,0.97,139,4.7,2.3,1.16,287.4,74.64,23.9,675.6,0
1,1,68,1,2,0,1,2,0,19.2276878705336,36,1,0,2,0,1,1,1,5.5,5.6,93.5,3.74,11.22,31.53816,150.6,29.079,125.064,344.5,3.11,1.216,1.49,0.93,179,4,2.19,0.73,12.01,45.52,17.3,578,1
0,1,56,1,4,0,0,0,1,26.2975778546713,60,1,0,4,0,0,0,0,7.8,3.8,95.2,3.55,20,31.42152,55.2,29.403,154.44,230.7,3.53,1.552,2.01,0.61,219,4.01557920669449,2.09,1.55,129,37.52,7.6,409,1
0,1,89,1,1,0,1,1,0,20.9569498800657,12,1,0,4,0,1,0,0,5.5,3.05,124.1,30.26,23.83,45.11376,255.5,35.073,250.056,138.7,4.56,1.928,2.61,1.01,214,5,1.96,1.78,188.9,57.44,16.74,1060.1,0
1,1,52,1,2,0,1,1,1,22.6262626262626,19,1,0,2,0,1,1,2,7.1,1.98,52.7,8.5,11.14,32.57496,121.2,31.671,219.312,250.5,7.63,5.176,3.33,0.93,110,5,1.69,2.72,306.5,23.84,27.1,961,0
1,1,45,1,4,1,2,1,0,21.5916955017301,72,1,1,4,0,1,0,0,3.4,2.53,68,10.25,19.58,30.7152,317.9,28.917,170.568,141.5,3.95,0.984,2.17,1.15,91,5.6,2.16,2.36,431.5,30.96,33.4,960,1
1,1,42,0,4,1,2,1,1,32.6105115439874,16,1,0,4,1,1,0,0,8.2,2.36,56.95,30.3,9.13,36.5148,22.7,31.428,213.048,215.2,4.35,1.608,2.59,0.82,207,4.9,2.25,2.44,340.3,16.64,16.6,581,0
0,1,72,1,3,0,0,1,0,23.2098765432099,60,1,0,2,0,1,1,0,5.9,3.16,75.65,3.58,4.66,25.76448,86.4,29.808,164.16,376.1,3.28,9.808,1.67,1.26,124,4.86,2.25,1.86,222.3,46,19.71,754.3,1
1,1,45,1,2,0,0,1,0,17.578125,96,1,0,4,0,1,0,1,5.2,4.18,105.4,6.71,9.54,37.3248,20,30.78,283.968,299.2,4.79,1.024,2.16,2.31,213,3.5,2.43,1.66,281.7,35.92,5.6,328,1
0,1,61,1,2,0,0,1,0,21.6333153055706,72,1,0,1,0,1,1,0,6.1,2.99,69.7,5.65,12.34,31.00032,168.8,32.724,295.56,164,5.35,1.792,1.87,0.97,144,3.9,2.18,2.68,315.8,0,14,484,1
0,1,57,0,2,0,0,2,1,21.1226763529807,24,1,0,1,0,1,1,0,9.3,3.28,79.05,28.43,6.11,29.58768,181.5,28.431,171.432,27.9,4.58,1.24,1.21,1.02,280,4.68,1.83,2.74,231.4,18.8,28.38,1171.4,0
0,1,61,1,4,0,0,2,1,22.2040816326531,120,1,0,4,0,1,1,3,10.3,3.49,88.4,8.24,8.92,32.38056,33.7,28.431,208.512,95.4,1.72,1.176,0.59,0.6,170,4.1,2.25,0.89,640.2,40.4,13.3,624,1
0,1,76,1,3,0,0,0,1,16.1616161616162,48,1,0,4,0,1,0,1,4.7,3.69,80.75,4.16,6.65,28.97856,39.9,26.73,174.816,543.3,3.98,1.112,2.45,0.97,197,4,2.16,1.42,136.3,48.16,11.8,472,1
1,1,69,1,3,0,0,2,0,18.5867649415158,60,1,0,3,0,1,0,0,5.4,3.58,97.75,3.21,19.21,29.55528,190.5,34.506,306.288,224,4.19,2.248,2.32,0.87,198,3.5,2.18,1.11,361.8,52.8,6.7,284,1
1,1,84,1,1,0,1,1,0,18.4089414858646,2,1,0,4,0,1,0,1,6.1,4.26,107.1,0.5,12.23,29.30904,164.7,27.54,172.296,96.2,2.54,0.84,1.22,0.97,201,2.9,2.4,1.21,22.34,24.24,6,247,0
1,1,64,1,3,0,0,1,0,18.125,120,1,0,4,0,1,0,0,6.3,3.39,82.45,6.33,7.92,39.54096,12.6,29.565,210.384,509.1,4.87,1.488,2.81,1.59,180,3.2,2.29,2.17,1688,27.84,8,259,1
0,1,70,1,4,0,2,2,0,16.2249864791779,30,1,0,2,0,1,1,0,5.5,3.73,93.5,0.5,2.16,32.1408,403.3,23.49,72.864,61.9,2.59,0.992,1.28,0.56,192,4.2,2.23,1.61,85.66,40.8,20.2,1108,0
0,1,63,1,2,0,0,0,0,16.7493112947658,15,0,0,1,1,1,1,0,6.5,2.76,68,0.69,10.56,31.3632,72.6,32.805,336.672,363.4,3.33,0.544,1.51,1.39,113,4.4,2.22,2.89,268,57.2,22.7,1229,0
1,1,72,1,2,0,0,2,0,22.6757369614512,18,1,0,3,0,1,0,3,5.5,4.41,78.2,5.1,7.35,41.6016,73.7,27.297,151.992,353.6,3.67,1,2.17,0.72,179,3.4,2,2.27,211.3,30.4,7.1,322,0
0,1,45,1,3,0,0,1,1,17.0431588613407,15,1,0,0,0,1,1,1,3.7,4.4,107.95,0.55,7.86,40.02048,187.3,33.615,194.256,262.7,3.41,0.624,1.33,1.66,109,3.9,2.46,2.39,742.9,24.48,7.6,317,0
0,1,66,1,2,0,0,1,0,21.4619366241636,10,1,1,0,0,1,0,1,8.9,4.43,130.9,4.07,11.96,36.1584,164.6,29.646,155.736,210.1,2.38,0.472,1.47,0.93,107,5.4,2.06,2.2,44.6,17.44,5.9,409,1
1,1,76,1,1,0,0,2,0,17.21875,24,1,1,1,0,1,0,0,6.6,3.32,92.65,8.93,14.09,18.1764,34.6,27.4812624674762,130.968,86.1,4.04,0.888,2.39,1.39,215,3.9,1.82,1.13,290.3,24.08,6.8,273,1
1,1,91,1,1,0,1,0,0,17.985063252553,24,1,0,0,0,0,1,0,4.5,2.63,77.35,26.9,7.91,27.30024,122,22.518,57.528,121.1,2.7,0.328,1.06,1.26,163,4.7,2.21,1.92,10.14,16.08,23.4,640,0
0,1,83,1,2,0,1,0,0,18.7180899908173,36,1,0,0,0,1,0,2,13.5,2.39,76.5,3.57,12.03,22.96512,1500,26.892,93.312,115.2,2.12,1.208,1.05,0.71,176,3.9,2.39,0.98,33.35,65.92,34.3,165,1
0,1,72,1,1,0,0,0,0,20.3755102040816,10,1,0,4,0,1,0,1,12.4,4.42,112.2,8.4,7.2,37.908,154.5,28.269,150.264,220.2,2.27,0.96,0.97,1.05,141,5.4,2.22,1.51,60.93,39.28,12.2,520,1
0,1,65,1,2,0,0,1,0,18.961937716263,18,1,0,4,0,1,1,1,4.4,3.84,101.15,5.64,8.13,43.10496,56.4,28.107,140.184,158.1,3.16,2.864,1.13,1.46,107,4.6,2.18,2.31,66.06,24.72,26.7,916,1
0,1,78,1,2,0,0,1,0,18.4240362811791,24,1,0,4,1,1,1,1,4,4.16,101.15,4.57,5.71,37.51272,104.3,27.054,100.296,30,2.13,0.56,1.14,0.73,146,4.2,2.45,1.82,379.2,20.72,19.7,640,1
1,1,62,1,3,0,0,1,0,15.6454491374182,30,0,0,3,1,1,0,0,10.1,3.86,102,5.21,9.87,30.294,94,28.431,112.752,29.3,2.03,0.344,0.59,1.16,198,3,2.13,1.83,152.6,42.08,7.9,243,1
0,1,71,1,2,0,0,2,1,18.4536271808999,120,1,0,0,0,1,0,0,4.6,4.98,121.55,2.87,16.8,29.98296,51.5,27.621,170.136,158.6,3.25,1.088,1.99,1.23,81,5.1,2.13,1.56,266.7,29.84,10.4,428,1
0,1,45,1,4,0,0,2,1,17.6303854875284,72,1,0,0,0,1,0,1,9.8,3.28,85.85,4.66,19.1,25.434,458.3,34.182,297.288,55.9,2.92,2.232,1.19,0.59,219,7,2.09,1.92,35.82,50.64,8.9,361,1
0,1,41,1,4,0,0,2,1,24.0326530612245,10,1,0,0,0,0,0,3,4.9,2.87,72.25,5.97,7.7,27.64368,102.8,31.428,198.504,86.8,4.61,1.448,2.64,0.71,132,4.9,2.11,2.27,89.87,37.28,26.7,781,1
1,1,66,1,2,0,0,0,0,17.6308539944904,6,1,0,1,1,0,1,0,9.4,2.75,62.05,4.54,4.55,29.68488,92.8,30.78,171.576,233.3,3.53,1.088,1.99,1.23,202,4.3,2.23,2.1,45.07,19.68,19.6,833,1
0,1,64,1,2,0,0,1,0,20.3737024221453,3,1,0,1,0,1,1,1,6.1,3.16,87.55,16.28,8.89,43.33824,34.2,31.266,237.312,27.2,3.32,1.456,2.06,0.62,132,3.6,2.44,2.52,383.1,31.52,13.6,415,1
0,1,51,1,3,0,0,1,0,20.2187755102041,1,1,0,0,0,1,0,1,5.6,4.02,96.9,4.22,19.67,35.77608,41.7,30.294,257.4,51.7,2.12,1.32,0.89,0.75,150,4.3,2.34,2.43,232,38.08,8.1,561,1
0,1,76,1,2,0,0,1,0,18.59410430839,10,1,1,4,0,1,0,1,7.3,4.43,98.6,2.89,9.09,37.7136,17,33.777,226.656,102.6,4.39,1.656,2.89,0.77,292,4.9,2.47,2.23,646.5,35.2,7.3,333,1
0,1,72,1,1,0,0,1,0,18.3806228373702,24,1,1,4,0,0,0,1,5.9,4.2,107.95,4.06,14.88,35.21232,60.2,29.889,187.848,27.8,3.27,3.2,1.81,0.67,102,3.8,2.64,1.11,258.434084558608,49.44,23.5,815,1
0,1,53,1,2,0,0,1,0,19.9307958477509,100,1,0,4,1,1,0,0,5.2,3.92,106.25,5.36,19.22,31.31136,186.6,32.238,388.872,93.2,5.34,2.48,2.39,0.77,137,3.7,2.01,2.69,72.66,63.28,31.3,1078,1
1,1,72,1,2,0,0,1,0,16.1616161616162,96,0,0,0,0,1,1,2,6.7,3.62,94.35,3.45,9.51,39.21048,35.7,31.266,234.648,267.5,4.87,2.28,2.72,1.09,213,3.6,2.33,2.1,296.4,80,7.5,240,1
1,1,83,1,1,0,1,1,0,17.0655567117586,24,1,0,0,0,1,0,1,7.2,3.72,67.15,5.92,2.77,31.2984,40.4,25.92,49.464,60.8,2.52,0.72,1.27,0.9,360,4.4,2.12,1.85,84.29,16.72,16.8,361,1
0,1,74,1,2,0,0,2,0,19.84375,2,1,0,0,0,1,0,1,16.4,4.41,103.7,3.76,5.07,24.56568,155.6,26.973,73.728,143.2,2.76,0.76,1.41,0.7,356,4.2,2,1.76,83.31,69.28,24.6,558,1
0,1,64,1,2,0,0,2,0,20.7285474775187,4,1,0,1,0,1,0,2,4.9,3.64,93.5,2.35,9.44,37.86264,72,29.079,14.832,121.7,1.62,0.696,0.55,0.69,54,5,2.07,1.58,140.4,36.88,9.4,374,1
0,1,74,1,2,0,0,0,0,17.0431588613407,10,1,0,4,0,1,1,1,6.6,4.19,107.1,2.46,16.39,32.4972,38.7,31.833,216.216,30.2,2.57,1.752,1.14,0.71,120,4.04655321379498,2.08,1.32,96.75,33.12,5,316,1
0,1,70,1,4,0,0,0,0,17.0137741046832,18,1,1,0,0,1,0,1,6.5,3.93,100.3,30,8.3,25.48584,181.9,30.213,219.24,178.9,2.89,1.016,1.73,0.72,91,3.99113671373342,2.5,1.84,250.6,46.88,12.6,541,1
0,1,44,0,2,0,0,0,1,22.465306122449,36,1,0,4,1,1,0,0,6.8,3.79,90.1,3.24,18.27,45.33408,44.2,30.051,172.872,31.3,1.74,0.784,0.64,0.63,198,5.7,2.14,2.5,117.7,35.68,10.4,421,0
0,1,73,1,2,0,0,0,0,16.9411764705882,24,1,0,4,1,1,1,1,8.5,3.58,100.3,2.59,4.64,29.73672,290,28.35,150.048,81.9,4.33,14.18,2.18,1.48,130,4.53675390709216,2.25,1.19,68.64,40.72,24.8,666,1
0,1,69,1,3,0,0,1,0,16.7233560090703,18,1,0,2,0,1,0,1,8.4,3.84,96.05,4.01,5.51,31.48632,174.6,25.92,65.88,48.5,3.24,0.309811448571751,2.29,0.52,199,3.9,2.51,1.95,570.8,23.44,22.4,802,1
1,1,77,1,2,0,0,1,0,16.4365548980934,120,1,0,1,0,1,1,3,4.2,3.35,73.95,0.5,8.6,40.55184,52.4,31.428,14.4,89.2,3.68,1.072,2.07,0.99,155,3.2,2.26,1.98,411,34.96,5,156,0
1,1,73,1,3,0,0,2,0,18.5947264136565,48,1,0,1,0,1,0,2,8.3,3.68,96.05,0.85,13.46,27.13176,214,30.78,209.52,69.9,4.56,1.992,2.32,0.74,155,3.5,2.08,1.83,36.12,23.92,8.9,371,0
1,1,58,1,3,0,0,1,0,17.7462289263531,72,1,0,0,0,0,0,0,11.1,2.96,68,45.12,6.46,33.57936,591,27.621,73.512,221.1,3.68,0.872,2.01,1.3,104,6.4,2.38,1.65,241.6,16,13.8,635,0
0,1,47,1,4,0,0,0,0,15.9375,36,1,0,0,1,1,1,1,6.2,3.81,91.8,1.14,6.75,48.36024,42.7,28.593,148.104,12.4,1.34,0.64,0.3,0.33,236,6.2,1.92,2.06,171.6,105.6,19.2,659,0
1,1,75,1,1,0,0,0,0,16.6438042981253,96,1,0,0,0,1,0,1,8.5,3.29,88.4,4.25,19.5,33.06744,302.6,34.182,251.856,228.7,3.73,2.36,2.06,1.2,104,4.6,2.53,1.29,124.5,35.84,23.1,900,0
0,1,71,1,2,0,0,0,0,15.8677685950413,10,1,1,0,0,1,0,1,6.6,3.41,94.35,0.5,23.79,41.36832,25.7,33.615,198,98,2.92,0.6,1.69,0.73,111,4.39363804831749,2.23,1.42,66.95,26.88,16.4,404,0
1,1,83,1,1,0,1,1,0,16.9370318792578,6,1,0,4,0,1,0,1,5.5,3.15,69.7,3.78,7.85,21.92184,73.4,29.403,211.3,115.1,3.01,0.84,2.01,1.5,108,3.6,2.36,0.71,529.9,31.44,10,348,1
1,1,87,1,1,0,1,1,0,16.765736930346,24,1,0,4,0,0,0,2,5.8,4.12,85,7.56,17.74,22.7124,1169.1,30.861,154.872,81.5,3.01,1.528,2.15,0.98,92,6.8,2.24,2.97,568.5,19.92,33.9,798,1
0,1,69,1,3,0,0,2,0,18.1689342403628,24,1,0,4,1,1,0,0,9.1,3.8,104.55,3.18,17.05,31.61592,50.6,31.833,178.344,327.1,4.2,2.272,2.63,0.73,93,3.8,2.12,1.45,81.41,57.6,7.9,228,1
1,1,58,1,3,0,0,1,0,18.9608806339417,108,1,0,3,1,1,0,0,10,3.39,82.45,4.33,8.88,35.154,36.2,30.213,215.136,32.9,4.83,3.2,2.62,0.79,267,3.3,2.22,2.12,128.6,27.44,6.8,317,1
0,1,78,1,2,0,0,1,0,17.4545454545455,150,0,1,1,0,1,1,0,4.2,4.05,90.1,12.13,5.5,37.93392,441.1,29.889,93.384,60.8,1.73,0.736,0.85,0.39,158,4.9,2.12,2.01,62.05,43.76,21.2,568,0
1,1,48,1,3,0,0,1,0,16.156462585034,24,1,1,0,0,1,1,1,6.2,3.27,90.1,0.5,15.32,65.8044,7.5,29.079,152.28,53.4,2.95,4.768,1.16,1.07,259,6,2.34,2.58,345.7,16,7.6,314,0
0,1,62,1,2,0,0,1,0,19.5408631772268,48,1,0,0,0,1,0,1,5.1,4.9,112.2,6.82,5.12,30.74112,24.8,29.97,245.016,141.5,2.93,0.632,1.78,0.76,101,3.2,1.6,3.68,394.5,34.08,8.1,437,1
1,1,65,1,2,0,0,2,0,17.0655567117586,10,1,0,4,0,1,0,2,3,3.1,81.6,10.24,9.12,25.68672,430.1,29.727,124.56,116.7,5.22,0.456,1.42,2.14,61,3.6,2.1,0.9,253.2,16,12.12,351.1,0
0,1,48,1,4,0,0,1,1,22.9855371900826,150,1,0,4,0,1,0,1,9.6,3.46,89.25,5.04,21.37,32.02416,52.2,34.749,233.28,24.4,2.77,1.808,1.48,0.67,181,4.8,2.34,1.67,282.8,60.4,9.6,597,1
0,1,78,1,1,0,0,1,0,18.5467128027682,120,1,0,4,0,1,0,1,5,3.7,103.7,2.76,17.99,35.01144,171,28.026,141.192,138.6,3.92,1.24,2.28,0.77,145,4.4,2.32,1.31,5.84,27.2,11.1,279,1
0,1,63,1,2,0,0,1,0,20.2754820936639,48,1,0,4,0,0,0,1,6,4.07,99.45,7.97,11.33,35.46504,91.7,31.995,167.904,20.1,2.34,1.96,0.99,0.64,88,3.3,2.09,1.38,137.8,27.44,23.3,1153,1
0,1,92,1,1,0,0,0,1,19.8347107438017,72,1,0,1,0,1,0,1,4,3.97,111.35,3.42,16.7,30.81888,68.5,27.054,138.744,447.5,2.66,0.872,1.03,0.98,93,3.8,2.02,1.46,43.01,33.12,9.3,138,1
0,1,76,1,2,0,0,0,1,16.625,60,1,1,3,1,1,0,1,5.1,3.05,88.4,2.75,11.85,27.30024,66.3,30.861,168.624,221.4,4.4,0.632,2.45,1.3,125,2.8,2.3,1.15,9.12,35.36,10.8,560,1
1,1,75,1,2,0,0,2,0,18.6666666666667,36,1,0,0,0,1,0,0,6.9,3.59,91.8,3.18,9.86,26.06256,93.6,26.568,105.624,103.2,3.24,2.072,1.85,0.55,152,2.9,2.31,0.71,8.41,50.48,4.1,124,1
0,1,67,1,3,0,0,1,1,16.25,48,1,0,0,0,1,0,0,6.5,3.73,96.05,8.79,14.42,43.66872,111.1,27.621,72.072,58.8,2.09,0.528,0.41,1.2,133,6.2,2.19,1.44,145,39.84,29.8,501,1
1,1,44,1,3,0,0,1,1,17.7777777777778,10,1,0,4,1,1,0,1,4.4,3.03,76.5,4.42,4.96,25.18776,411.5,34.83,179.712,440.6,4.64,2.112,2.89,1.07,290,4.6,2.16,1.35,548.1,20,17.3,660,1
0,1,85,1,1,0,0,1,1,18.75,24,1,0,0,0,1,0,1,6.4,4.44,102.85,6.43,7.01,24.138,113.4,29.646,166.32,137.7,4.43,1.672,3.02,1.01,101,3.2,2.37,1.23,12.44,38.96,7.2,181,1
0,1,62,1,2,0,0,1,1,20.1188843164152,48,1,1,0,0,0,1,1,4.7,3.33,82.45,7.12,6.78,28.40184,77.5,29.241,176.544,176.4,2.64,0.704,1.54,0.67,319,3.5,2.1,1.56,222.1,31.2,8,498,1
1,1,76,1,2,0,0,1,0,17.258382642998,24,1,0,4,0,1,0,1,5.8,3.64,104.55,3.87,23.54,28.03248,69.7,29.322,206.856,326.4,3.04,2.256,1.47,0.97,122,3.2,2.2,1.17,140.7,32.96,10.6,248,1
0,1,69,1,2,0,0,1,1,19.375,96,1,0,4,0,1,1,2,12,2.35,53.55,104.41,10.48,20.43792,302.8,27.621,151.56,120.4,3.05,0.808,1.98,0.75,208,3.1,2.1,1.51,110.4,30.48,49.9,1015,0
0,1,59,1,3,0,0,0,0,19.5702479338843,96,1,0,4,0,0,0,3,5.9,3.31,93.5,3.05,11.82,23.72328,678.3,28.512,222.984,90.3,2.99,1.336,1.91,0.49,119,4.4,2.5,1.61,153.8,34.8,19.03,870.4,1
0,1,65,1,2,0,0,0,0,19.9307958477509,120,0,0,4,0,1,0,0,5.9,4.4,113.05,2.79,24.24,31.09104,68.9,31.185,187.704,67.6,3.25,2.552,1.78,0.79,162,3.4,2.31,0.72,31.2,70.32,6.6,170,0
0,1,78,1,2,0,0,0,0,19.359410430839,72,1,0,1,0,1,0,0,4.9,3.25,76.5,0.5,9.75,47.4012,24.2,30.861,154.872,317.9,2.87,1.008,1.38,0.89,115,5.3,2.04,1.55,126.9,21.44,0.71,61,0
0,1,73,1,2,0,0,1,0,19.2743764172336,96,1,0,1,0,1,1,1,5.9,3.32,79.05,3.75,8.91,33.26184,122.5,28.512,96.408,200.2,2.35,0.784,1.39,0.69,81,4,2.23,1.96,264.2,28.32,8,291,1
0,1,49,1,4,0,0,1,0,17.5234131113424,18,1,0,1,1,0,0,1,7.5,3.92,99.45,8.09,11.35,30.9744,43.4,29.322,213.624,12.4,5.09,2.664,3.29,0.98,235,4.2,2.26,2.87,1190,29.2,9.9,466,0
0,1,70,1,2,0,0,1,0,17.6482830385016,24,1,0,2,1,1,0,1,6.6,2.05,53.55,51.07,10.06,37.9404,154.2,28.431,172.944,151.4,2.91,1.192,1.91,0.91,79,5.1,2.21,1.6,153.8,34.88,26.9,572,0
0,1,74,1,2,0,1,1,0,17.875,36,1,0,0,0,1,1,2,5.2,3.68,80.75,23.27,7.65,15.33168,395.6,29.241,245.016,457.8,2.42,0.672,1.07,0.95,121,3.5,2.45,1.43,484.8,36.56,6.5,275,0
0,1,65,1,2,0,1,2,0,21.8961937716263,250,1,0,0,0,1,0,1,6.7,3.58,96.05,2.15,12.61,28.75824,242.8,34.101,242.064,288.1,3.87,2.944,1.83,0.6,201,4.16058537671469,2.26,1.69,54.78,38.56,9.8,445,0
0,1,43,1,4,0,0,1,0,23.6408163265306,120,1,0,0,1,0,0,1,11.7,4.31,107.1,11.2,10.84,34.992,54.2,33.21,231.624,146.4,4.17,1.792,2.73,0.77,262,4.3,2.41,3.95,501,38.48,16,768,0
1,1,68,1,3,0,0,1,0,18.8062442607897,96,1,0,3,0,1,1,3,4.9,2.69,77.35,2.87,11.17,33.74136,192.8,31.266,168.408,147.8,2.81,1.528,1.43,0.93,114,4.76534537573458,2.18,2.18,273.7,48.32,29.4,813,0
1,1,68,1,2,0,0,1,0,17.939646201873,24,1,1,4,0,1,0,1,13.4,4.72,97.75,1.78,3.93,33.5988,11.6,27.54,153.72,158.7,3.27,0.616,1.97,0.95,145,4,2.16,1.99,175.5,34.16,4.4,238,0
0,1,86,1,1,0,1,2,0,16.9375,50,1,1,4,0,1,0,1,4,3.54,90.95,8.06,5.41,31.6548,28.3,27.702,133.704,17.3,3.25,1.512,1.99,0.89,156,4.14305502094622,2.24,1.81,58.74,26.08,5.1,353,0
0,1,51,1,3,0,0,2,0,22.9757785467128,96,1,1,4,1,1,1,2,3.9,2.11,65.45,1.74,19.15,28.62216,345.4,29.97,206.208,319.3,2.93,1.584,1.98,0.7,95,4.5,2.35,0.9,407.2,56.32,24.9,936,0
0,1,58,1,3,0,0,2,0,16.5625,48,1,0,4,0,1,0,1,7.5,3.74,86.7,7.01,6.23,21.88296,195.7,26.244,173.016,238.6,4.08,0.92,2.47,0.88,193,4.5,2.06,1.59,381.8,18.08,7.3,293,0
1,1,81,1,1,0,0,1,0,19.0519737844841,120,1,0,4,1,1,0,1,7.2,3.83,86.7,0.5,9.83,42.6708,12.2,28.269,206.784,132.8,5.03,1.768,3,1.11,224,3.5,2.06,1.6,105.9,75.12,9.5,243,0
0,1,56,1,3,0,0,1,1,21.8122448979592,108,1,0,4,0,1,0,2,4.3,3.72,96.05,0.5,10.92,28.43424,47.6,32.157,203.976,197.2,3.82,1.024,2.11,1.03,187,4.8,2.38,2.17,227.1,27.52,26.5,1075,0
0,1,77,1,2,0,0,1,1,22.3093564088697,108,0,0,0,0,1,0,1,5.7,2.2,56.95,0.5,13.31,33.70896,150.7,29.16,186.336,48.1,4.17,1.608,2.63,0.81,147,3.7,2.06,1.52,95.8,25.04,11.8,248,0
1,1,75,1,1,0,0,1,0,19.6539792387543,120,1,0,0,0,0,1,1,6.7,3.44,79.05,16.8,6.04,36.19728,45.7,31.59,124.2,159.7,3.33,1.152,1.92,0.89,215,4.8,2.31,1.58,448.7,59.44,17,669,0
0,1,69,1,2,0,0,1,1,19.3771626297578,96,1,0,0,0,1,0,1,4.9,3.14,81.6,4.89,9.93,46.45512,15.4,31.023,155.016,359.4,5.95,1.112,3.58,1.63,110,4.42449691313226,2.27,1.7,23.1,56.08,34,728,0
0,0,95,1,1,0,0,1,1,20.4081632653061,120,1,0,0,0,1,0,2,2.9,3.69,96.05,3.95,7.76,23.14008,352.5,23.247,38.952,308.3,2.83,1.048,1.86,0.59,92,4.1,2.03,0.51,108.9,56.48,15.7,341,1
0,1,93,1,1,0,0,1,1,18.9291508923743,48,1,0,0,0,1,0,1,12.3,1.81,46.75,307,9.01,22.7448,149.5,23.1990684991394,127.008,81.5,5.29,0.896,2.55,1.2,135,5.1,1.66,3.18,2.55,27.28,66.4,954,0
0,1,68,1,2,0,0,1,1,19.247015610652,150,1,0,0,0,1,0,1,4.3,3.45,87.55,0.5,14.41,26.73648,458.1,26.73,244.728,142.5,3.47,0.992,2.31,0.72,244,5.7,2.04,1.7,196.8,21.68,9.1,318,0
0,1,79,1,2,0,0,1,1,18.1303948576676,96,1,1,1,0,1,0,1,5.7,3.81,102.85,0.5,6.87,31.63536,65.9,26.973,168.912,93.1,3.85,3.944,1.75,0.64,138,4.4,2.08,0.93,97.95,33.76,7,298,0
1,1,86,1,1,0,1,1,0,17.4638395792242,24,1,0,1,0,0,1,2,4.2,3.52,98.6,0.95,8.83,32.22504,146.9,28.917,106.632,541,2.93,0.808,1.48,1.04,108,3.91149266044404,2.35,1.83,225.6,35.04,5.1,183,0
0,1,72,1,2,0,1,1,0,16.953125,24,1,0,2,0,1,0,0,8.8,3.88,100.3,3.34,9.03,25.79688,272.1,28.026,155.52,415.1,3.68,0.928,2.28,0.82,196,4.12,2.06,1.34,121.4,26.08,24.25,450.2,1
1,1,58,1,3,0,0,0,0,15.7208448117539,96,1,0,0,1,1,0,1,5.2,3.66,96.9,0.5,13.98,32.37408,29.4,33.858,187.992,92.7,2.89,7.152,1.39,0.78,183,5.2,2.07,2.14,222.8,32.8,9.8,536,0
0,1,44,0,4,0,0,1,1,19.5578231292517,150,1,1,0,0,1,0,1,5.6,3.34,88.4,7.35,19.25,43.9668,73.2,35.397,302.76,132.9,4.72,3.544,1.9,0.75,242,3.5,2.3,1.87,222.7,26.24,10.7,366,1
1,1,56,1,3,0,0,1,0,19.4160997732426,120,1,1,0,1,1,1,1,6.6,3.21,83.3,9.94,9.09,27.79272,129.5,31.995,232.056,140.8,4.53,1.896,2.63,1.12,257,3.6,2.47,2.77,244.2,28.56,9.1,312,1
0,1,83,1,2,0,1,1,1,20.5105601469238,160,1,1,0,0,1,0,2,5.2,3.2,90.1,3.94,10.76,30.89016,40.2,29.646,253.08,338.2,5.51,3.904,3.53,1.63,165,4.9,2.32,1.21,14.4,41.92,17,593,1
0,1,59,1,2,0,0,1,1,19.247015610652,108,1,0,4,0,1,0,1,5.4,3.33,82.45,4.64,12.16,38.36808,51.2,31.59,247.968,52.5,1.86,0.864,0.84,0.68,177,3.8,2.42,2.34,882,37.28,13.3,470,1
0,1,63,1,2,0,0,1,1,20.8996539792388,6,1,0,4,0,1,0,3,12.2,3.93,104.55,0.5,19.95,30.25512,99.1,30.294,170.352,139.3,2.81,0.552,1.15,1.1,218,3.3,2.19,2.12,106.4,31.6,13.1,450,0
0,1,80,1,1,0,0,1,1,19.1000918273646,150,1,0,4,0,0,1,1,5.5,3.35,90.1,10.1,10.08,28.16856,80,30.375,168.12,54.7,1.95,0.856,0.65,0.85,133,3.74,1.81,0.86,118.8,18.88,17.12,372.9,0
0,1,83,1,1,0,0,2,1,18.3806228373702,48,1,0,4,0,1,0,1,4.5,4.41,47.6,49.2,24.23,31.09104,101.5,24.8444596546508,112.392,55,4.2,0.664,2.33,1.17,79,4.3,1.99,0.87,2.79,34.56,28.3,486,0
0,1,40,0,4,0,0,2,1,15.5739210284665,24,1,0,1,0,1,1,2,4.4,2.52,64.6,225.8,20.83,17.39232,1500,21.87,149.616,482.3,3.66,1.496,1.51,1.1,18,4.5,1.85,2.32,123.7,45.12,39.2,938,0
0,1,76,1,2,0,0,1,1,20.8493434461559,150,1,0,0,0,1,0,1,4.9,4.72,85,0.5,4.67,41.28408,6.6,26.73,153.144,869.4,5.28,6.512,2.91,1.2,308,4.9,1.94,1.49,56.36,22.72,19.5,320,0
0,1,46,1,3,0,0,1,1,16.1616161616162,96,1,1,0,1,1,0,1,5.2,1.95,52.7,27.31,10.46,20.62584,1215.9,27.54,190.656,942.7,5.27,2.832,3.5,0.56,250,3.7,2.75,1.33,132.9,16,10.8,284,0
0,1,70,1,2,0,0,1,1,17.5170068027211,108,1,1,0,0,1,0,1,9.1,3.37,89.25,6.09,11.26,32.2056,149.6,32.481,200.088,458.1,5.02,2.032,3.03,0.73,169,4.1,2.31,1.88,34.24,73.12,25.6,825,1
0,1,83,1,1,0,1,1,1,20.7612456747405,150,1,0,4,1,0,1,3,9,2.53,67.15,4.82,2.36,34.30512,16.6,21.87,158.544,25.4,2.14,0.392,0.54,0.88,183,5.1,2.06,2.23,285.3,23.28,46.7,505,1
0,1,58,1,3,0,0,1,0,18.8235294117647,24,0,0,0,0,1,0,1,4,3.9,84.15,3.09,9.15,49.16376,64.5,25.353,69.48,564.4,2.35,0.64,1.2,0.75,80,4,2.04,1.41,75.87,28,16.6,283,1
1,1,92,1,1,0,0,1,1,17.6308539944904,36,1,0,0,0,1,0,1,2.2,3.5,68.85,5.89,30.1,42.39864,1500,31.59,112.5,195.3,2.18,1.192,1.57,0.61,54,6.7,2.05,1.18,201.4,26.08,38,476,1
0,1,77,1,1,0,0,1,1,18.5123966942149,24,1,1,4,0,0,0,0,12.5,3.59,90.1,0.5,16.28,31.4604,125.2,29.97,115.704,99.1,2.19,0.704,1.2,0.47,292,5.1,2.01,1.21,51.3,24.96,29.9,653,0
0,1,77,1,1,0,0,1,1,19.2743764172336,96,1,0,4,0,1,1,1,7.2,4.01,94.35,5.03,38,36.17136,15.8,26.163,170.784,256.7,2.79,1.28,1.25,1.08,114,4.6,2.18,1.04,31.2,41.2,23.9,648,1
0,1,70,1,2,0,0,1,1,19.3939393939394,72,1,0,4,1,1,0,2,6.8,3.9,96.05,3.55,7.54,38.66616,21.7,30.78,129.456,268.4,2.72,0.648,1.37,0.82,180,3.5,2.22,0.97,125,27.84,9.6,167,1
1,1,47,1,3,0,0,1,1,17.0123075764989,24,1,0,4,0,1,0,1,5,3.51,93.5,4.47,10.01,25.99128,43.1,27.135,79.272,148.5,2.82,0.832,1.71,0.95,19,3.2,2.13,0.78,66.3,18.48,22.8,829,1
1,1,58,1,3,0,0,2,1,20.7612456747405,120,1,1,4,0,1,0,1,3.1,4.04,97.75,0.5,12.23,28.97856,117.2,25.677,246.528,210.5,3.04,0.84,1.5,1.11,206,4,2.1,1.75,534.2,23.52,23.5,764,0
0,1,63,1,2,0,0,2,1,18.6791383219955,108,1,0,4,0,1,0,1,2.8,2.02,58.65,2.51,3.83,26.15976,321.2,25.11,168.192,74,3.19,0.688,1.71,0.91,69,4.7,2.4,1.46,24.19,49.2,24.1,822,1
0,1,34,1,4,1,2,2,1,23.7037037037037,120,1,0,2,0,1,1,1,5.6,4.84,130.9,3.48,11.75,29.76912,171.1,35.397,167.832,31.9,6.1,12.488,2.14,0.7,249,3.74007026338616,2.17,0.78,145.1,29.68,8.53,110.7,1
0,1,69,1,3,0,0,1,0,17.6899063475546,12,1,0,1,0,1,0,2,11.9,4.42,102.85,6.72,13.75,36.9036,82.4,25.515,88.272,206.7,3.96,0.624,2.3,1.13,178,3.2,2.09,1.33,39.06,43.92,7.7,176,1
1,1,86,1,3,0,0,1,1,18.1786703601108,12,1,0,0,1,0,1,1,5.7,2.37,65.45,7.71,9.79,25.596,288.7,28.35,111.6,32.6,5.33,0.832,2.65,1.96,80,3.9,2.13,2.04,28.27,36.56,19.2,346,0
0,1,86,1,3,0,0,1,0,19.3771626297578,24,1,0,0,0,1,1,2,2.5,4.11,112.2,2.84,13.72,19.95192,43.5,34.02,25.776,54.9,3.16,0.416,1.71,1.18,90,4,2.28,1.01,15.22,44.08,6.3,71,1
0,1,75,1,3,0,0,1,1,19.3771626297578,96,1,0,0,0,1,0,0,7,3.85,91.8,15.6,10.85,29.1924,171,30.132,204.336,388.5,3.27,0.728,1.78,1.1,123,3.6,2.31,2.59,488.6,42.88,19,631,0
1,1,71,1,3,0,0,1,1,16.71875,36,1,0,4,0,1,1,3,5,2.73,68.85,18,13.09,32.48424,126.6,28.674,166.68,276.2,3.95,1.568,2.04,1.25,229,3.9,2.35,0.92,67.77,48.08,7,260,0
0,1,80,1,3,0,0,1,1,20.5693296602388,120,1,1,1,0,1,0,1,8.3,2.07,50.15,152.64,5.93,21.5784,387.4,24.3,102.024,281.3,4.91,2.47063339731286,3.45,0.83,111,3.8,1.83,1.53,138.2,21.2,12.7,323,0
0,1,55,1,4,0,0,1,1,21.8253968253968,150,1,0,1,0,1,0,1,6.8,2.43,58.65,1.3,14.27,31.06512,229.8,26.73,176.688,472.8,5.78,1.24,3.56,1.08,250,5.2,1.96,1.84,307.7,22.16,21.1,787,0
1,1,82,1,2,0,1,1,1,22.250566893424,150,1,0,3,0,1,0,1,8,3.78,96.05,1.25,9.84,35.40672,59.7,32.4,173.16,148.7,3.9,0.08,3,1.23,131,5.8,2.24,2.65,50.31,17.44,31.2,667,0
0,1,43,1,3,0,0,1,0,21.8685121107266,160,1,0,0,0,0,1,1,7.3,3.33,82.45,2.57,8.63,26.4384,322.9,29.97,235.584,222.5,3.85,2.2,2.49,0.86,170,5.1,2.24,1.83,35.88,42,19.6,729,1
0,1,83,1,2,0,1,1,0,19.1000918273646,108,0,0,0,0,1,0,2,4.1,1.79,46.75,119.11,10.11,13.67928,1500,24.9041568797689,135.288,119.5,1.75,2.152,0.43,0.43,38,6.6,1.95,5.03,112.4,26.08,48.4,376,0
1,1,40,1,3,0,0,1,1,20.7612456747405,24,1,0,4,1,1,0,1,3.6,4.66,96.9,6.67,8.81,13.03128,297.5,36.207,141.984,35.8,5.48,1.096,3.94,1.07,262,4.2,1.97,0.84,60.1,21.2,4.43,33.4,1
0,1,74,1,2,0,0,1,1,17.0431588613407,36,1,0,4,0,1,0,1,6.5,3.82,101.15,6.02,12.22,34.74576,132.9,31.59,73.8,220.4,4.37,2.36,2.67,0.72,269,4.3,2.29,1.45,76.5,36.08,15.9,514,1
1,1,73,1,2,0,0,0,1,17.6308539944904,24,1,1,4,0,1,1,3,5.7,3.3,90.95,5.19,5.91,19.55664,121.4,26.73,75.168,27.6,2.71,1.144,1.43,0.78,186,3.2,2.33,0.58,66.3,18.48,26.8,829,1
0,1,73,1,2,0,0,1,1,19.6877869605142,60,1,1,4,0,1,0,1,6.6,2.56,69.7,3.41,5.15,13.07664,420.1,26.73,126.36,161.2,2.91,1.256,1.42,0.77,83,4.7,1.99,0.98,51.1,20.08,23.5,685,1
0,1,52,1,3,0,0,2,1,19.3771626297578,96,1,0,4,1,1,1,1,11.1,1.99,51.85,43.86,1.32,32.47128,30.2,26.0258533628818,81,163.2,2.93,0.8,1.13,1.42,288,3.6,1.96,1.97,186.9,28.16,15.8,338,0
1,1,53,1,3,0,0,1,1,17.6308539944904,120,1,0,4,0,1,0,0,2.1,1.51,49.3,5.52,5.01,20.20464,120.5,22.68,168.552,160.5,2.85,1.208,1.81,1.32,13,7.8,2.37,1.3,48.1,16.24,4.9,109,1
0,1,64,1,2,0,0,1,0,18.0716253443526,120,1,0,3,0,1,0,1,6.5,1.96,48.45,5.74,3.31,19.55664,110.1,25.11,108.1,256.072280808422,3.59935054706351,0.98,2.19307447233891,0.8740717879554,214,3.3,2.11,1.55,188.008926204626,22.1,31.1,591,1
0,1,73,1,2,0,0,1,0,17.6308539944904,48,1,0,1,0,1,1,1,8.1,3.96,100.3,6.52,5.88,33.36552,76,26.973,169.776,96.8,5.04,1.48,3.3,1.01,154,4.4,2,1.99,212.9,39.92,47.9,715,1
1,1,85,1,2,0,1,1,1,18.2898948331047,24,1,0,0,0,1,0,1,27.1,3.74,93.5,36.36,3.66,31.75848,114.2,22.68,70.848,60.3,4.7,1.488,2.8,1.15,51,4.7,2.18,0.53,120.8,24.08,27.9,465,0
0,1,66,1,2,0,0,1,1,21.038062283737,60,1,1,2,1,1,0,2,6.4,2.76,78.2,7.82,20.75,31.12992,244.5,33.21,249.912,50.9,3.21,12.112,1.56,1.37,198,6.1,2.49,1.46,34.66,50.64,21.7,818,1
0,1,56,1,3,0,0,1,1,15.75,12,1,0,0,0,1,1,1,4.8,3.67,91.8,2.73,8.23,42.96888,114.7,32.076,222.48,87.4,2.75,1.216,1.02,0.83,73,3.49,2.19,1.39,78.49,53.04,25.12,640.5,1
1,1,75,1,2,0,0,1,1,18.75,12,1,0,0,0,1,0,1,7.9,3.42,77.35,3.83,10.1736067466011,25.99128,132.9,30.78,121,248.106753682086,3.79717394568985,0.7,2.28147980676018,0.905863318509745,386,4,2.1,1.1,88.1,34.08,12.1,282,1
1,1,18,1,3,1,2,1,1,16.3846974546563,12,1,1,4,0,0,1,0,5.8,4.17,103.7,4.09,12.0175942062701,26.15976,121.4,32.4,105.1,178.450716493368,3.33974036855175,0.85,2.00085111625434,1.0304498441043,222,4.3,2.09,0.67,82.54,52.88,2.5,43,1
1,1,78,1,2,0,0,1,1,17.1875,48,1,0,4,0,1,0,1,9.3,4.38,116.45,10.44,6.34,22.7448,197.3,28.269,126.216,272.8,3.09,0.664,1.46,1.12,100,2,2.05,1.75,176.9,16,10.1,378,1
0,1,63,1,2,0,0,1,1,18.5467128027682,96,1,0,4,0,1,0,1,8.1,2.41,67.15,4.72,3.3,22.18104,1211.5,26.973,217.296,152.5,4.38,0.912,2.71,0.91,255,5.4,2.02,1.86,99.4,23.28,28.9,609,1
0,1,90,1,2,0,1,1,1,18.2857142857143,120,1,0,4,1,1,0,1,5.5,1.9,54.4,57.67,21.13,23.01,440,24.3,0,161.2,4.14,2.32,2.28,1.51,163,3.7,2.24,0.43,99.3,27.28,7.9,55,0
0,1,59,1,2,0,0,1,0,19.3771626297578,120,1,0,4,0,0,1,1,11.6,2.84,71.4,4.56,2.43,35.27064,361.4,25.92,104.1,419.4,3.67,5.08,1.9,1.24,430,4.9,2.09,2.34,171.4,16,15.9,560,1
0,1,64,1,2,0,0,2,0,18.21854912764,48,0,0,4,0,1,0,2,8.8,2.19,61.2,19.2,14.45,25.1,221.5,23.49,48.6,12.4,2.28,0.44,1.3,0.48,73,3.7,2.08,2.45,86.3,26,8,79,0
0,1,68,1,2,0,0,1,0,19.3771626297578,108,1,0,1,0,1,0,0,8,3.15,75.65,21.4,6,34.71336,57.4,36.693,258.624,124.3,3.85,1.97,1.88,0.83,188,3.9,2.44,2.03,41.74,95.2,33.8,632,0
0,1,56,1,2,0,0,1,0,17.6308539944904,60,1,0,4,1,1,0,1,16.7,4.12,107.95,38.01,8.8744693323725,29.4851423183652,545.874625187901,20.25,65.7007002783879,140.285146990363,2.34,1.5,1.6998754862881,0.949088944851339,55,4.8,2.19,2.12,74.1,16,43,440,0
0,1,62,1,2,0,0,1,1,18.2857142857143,120,1,0,4,0,1,1,1,9,3.21,80.75,6.49,20.18,28.58976,604.3,33.372,187.272,271.3,5.03,0.472,3.74,1.14,162,5.3,2.36,0.96,187.2,27.52,18.6,598,0
1,1,41,0,3,0,0,1,1,15.8512421886907,24,1,0,4,0,1,0,3,4.3,3.36,96.9,6.78,12.2481211711513,32.6592,188.241692619718,30.78,148.896,230.754076499705,3.26509952011863,0.88,1.86046563659537,0.965114823471978,257,4.2,2.04,0.59,86.1,22.08,5.2,48,1
0,1,74,1,2,0,0,1,1,19.9307958477509,96,1,0,0,0,1,1,1,13.7,3.13,87.55,30.78,9.51,36.19728,297.8,27.54,132.842462359269,159.342977543113,3.42511514710701,1.11,1.95093187518488,0.926138525934047,111,4.5,2.18,1.62,112.4,28.08,36.5,470,0
0,1,79,1,2,0,0,1,1,22.2040816326531,120,1,0,0,0,0,0,1,3.2,2.26,57.8,7.62,20.5,29.55528,56.4,28.593,126.504,15.1,2.76,0.338376425426217,1.51,0.79,118,3.8,2.01,1.73,94.71,35.28,17.6,354,0
1,1,31,0,4,0,0,1,1,16.1616161616162,6,0,1,0,0,1,1,1,23.5,5.57,134.3,2.38,14.9185409093721,53.8885651932975,186.290941569099,41.31,271.449005239217,71.687454876549,4.56440383540269,1.5,2.29182214036148,1.15714035062107,321,6.4,2.08,4.74,198.5,34,4.9,216,0
1,1,82,1,2,0,0,1,1,17.0655567117586,4,1,0,4,0,1,0,2,20.1,4.31,80.75,4.54,10.7047480176429,37.908,239.277272564873,26.73,100.5,193.73954852905,5.24,0.75,2.72717350473423,1.39971894870878,131,4.7,2.11,1.84,67.1,27.84,17.1,426,1
1,1,82,1,2,0,0,0,1,18.9291508923743,12,1,0,4,0,1,0,0,18.2,1.91,46.75,108,4.71933781211967,20.5150000756224,424.152747834124,21.06,92.6385681245945,556.4,2.7,0.68,1.75,0.49,195,4.1,1.96132291098265,1.95257739094991,14.9949873912295,0,19.8,322,0
0,1,58,1,2,0,0,1,0,19.8412698412698,108,1,0,4,0,1,0,1,4.8,2.72,66.3,4.49,8.2,24.58512,409.6,23.328,102.1,359.347973517763,5.85,1.056,3.79,1.49,254,5.1,2.17,1.29,36.08,17.68,18.2,476,1
0,1,44,1,3,0,0,1,0,20.0108166576528,24,1,0,4,1,0,1,1,5,2.99,77.35,43.08,10.72,26.96976,471.3,26.649,303.12,1015.5,3.92,2.168,2.68,0.7,171,3.9,1.82,1.93,95.57,16,17.3,400,0
1,1,74,1,2,0,0,1,1,18.8995579942082,24,1,1,4,0,1,0,1,4.9,3.11,49.3,4.29,26.22,38.60784,30.2,27.54,195.192,231.4,2.99,4.44,1.62,1.15,113,3.7,1.48,1.62,201.4,16.24,19.4,420,1
0,1,67,1,2,0,0,1,1,20.5693296602388,48,1,0,0,0,1,0,1,11.9,4.29,103.7,9.84,12.0872545905024,32.4648,1500,28.0276236349497,111.5,665.1,4.28,1,3.04,0.51,160,4,1.9,1.86,1604,24.4,25.3,302,1
1,1,77,1,2,0,0,2,1,19.1000918273646,60,1,0,0,0,1,1,1,8.9,1.96,47.6,6.52,4.56,18.92808,255,20.25,112.5,372,3.2,1.128,2.17,0.44,294,3.6,1.83,0.67,395.4,18.08,9.3,277,1
0,1,69,1,3,0,0,2,1,18.9291508923743,120,1,0,0,0,1,0,2,7.9,2.77,74.8,307,20.344239616925,39.0556633978426,488.251521924828,30.618,208.960356248454,51.6,3.09,1.536,1.38,1.39,142,5,2.06715416261281,2.3749947278392,264.286779069608,0,24.7,936,0
1,1,66,1,2,0,0,2,1,19.2783673469388,96,1,0,1,0,1,0,1,9.1,2.42,61.2,26.91,8.42,26.98272,307.9,28.998,226.584,458.1,6.82,2.264,4.11,0.92,194,4.4,2.12,2.21,161.4,16,14.2,502,0
1,1,76,1,2,0,1,2,1,20.1188843164152,72,1,1,2,0,1,1,1,2.4,2,50.15,10.92,8.05,19.86768,957.7,23.49,69.264,95.9,6.83,4.224,5.07,0.5,22,5.1,1.87,3.16,143.9,53.68,45,466,0
0,1,63,1,2,0,0,2,1,21.9428571428571,120,1,0,4,1,1,0,1,2.3,2.5,101.15,1.35,7.45,32.71104,22,33.696,232.909713189658,134.1,3.16,1.072,1.87,0.91,226,3.6,2.33,1.84,234.3,36.32,10.3,312,0
0,1,58,1,3,0,0,0,0,22.4221453287197,150,1,0,4,0,1,1,1,6.5,3.08,78.2,6.33,5.71,29.63952,113.6,28.269,110.5,53.4,3.35,0.552,1.95,1.07,122,4.9,2.03,1.96,282.2,18.56,16.3,543,1
0,1,70,1,2,0,0,0,1,19.8140527358634,24,1,0,4,0,1,0,2,7.7,2.51,59.5,40,2.54,23.2956,191.3,24.6139911593022,126.576,738.8,3.45,0.856,1.95,1.01,303,4.1,1.83,2.73,145.2,29.76,21.7,587,0
1,1,57,1,2,0,0,1,0,19.5092211553117,48,1,0,4,0,1,0,0,2.5,3.11,67.15,0.5,7.61,33.94224,288.5,24.3,108.576,444.7,3.37,9.28,1.95,0.75,164,4.8,2.18,1.43,385.8,20.96,28.2,771,0
0,1,48,1,3,0,0,1,1,18.125,36,1,1,1,0,0,0,1,3.5,3.06,38.25,2.92,4.89,32.724,37.7,26.0088386471435,84.6,14.7,3.36,1.504,2.15,0.45,50,3.3,2.13,1.19,88.4,34.88,13.8,363,1
1,1,72,1,2,0,1,1,1,19.4699837750135,120,1,0,1,0,1,0,1,8.4,3.51,80.75,6.21,4.92,31.90752,140.8,25.11,97.488,788.6,2.99,0.250468555944451,0.93,0.98,136,3.6,2.08,1.64,98.28,25.28,5.2,196,1
0,1,73,1,2,0,1,2,1,18.0716253443526,96,1,0,2,0,1,1,1,3.8,3.29,90.1,1.05,7.99594168295047,29.4871050877154,149.3,26.406,102.5,818.8,3.26,0.728,2.34,0.59,67,4.1,2.15,1.5,234.096643290192,40.1152472449252,14.5776718640548,334.45416454717,0
0,1,28,1,3,0,0,2,1,20.4844290657439,96,1,0,0,0,1,0,1,5.3,4.6,125.8,10.11,16.1690229743765,32.076,123.26139330377,28.35,219.672,142.7,3.73,0.696,1.85,1.6,170,3.7,2.1,1.1,109.6,34.08,4.4,64,1
0,1,77,1,2,0,0,2,1,17.0068027210884,48,1,0,0,0,1,0,2,16.5,2.24,56.95,7.2,12.39,18.73368,724.8,23.49,113.04,93,1.29,1.456,1.65,0.85,129,4.2,2.09,0.67,82.54,52.88,20.4,93,1
0,1,72,1,2,0,0,0,0,19.8412698412698,36,1,1,0,1,1,0,1,8.7,3.1,76.5,15.85,8.54,26.7624,311.9,27.702,155.088,223.8,3.35,0.808,1.73,1.18,79,4.5,2.17,1.71,243,17.12,23.4,815,0
0,1,62,1,2,0,0,1,0,18.3654729109275,96,1,0,0,0,0,1,1,4.7,3.29,86.7,6.99,10.6548556934196,30.132,166.99873315389,25.7,102.4,213.785644066431,3.45260609017483,0.65,1.93631548238242,1.15623693376618,151,4.5,2.21459702695241,1.55750332274791,310.065989559602,28.5,18.8,915,1
0,1,63,1,2,0,0,2,0,18.9291508923743,120,1,0,4,0,1,0,1,4.8,2.08,49.3,0.5,6.7,37.91448,8.7,32.805,309.672,120.7,3.27,1.528,1.71,0.76,142,4.3,2.23,2.06,411,29.84,30.9,849,0
1,1,91,1,2,0,1,2,1,18.6114958448753,12,1,0,4,0,1,0,1,8.3,3.26,84.15,0.78,13.89,27.25488,109.9,28.1233760875112,146.601168950799,139.366490239914,2.95507372376522,1.44194329224785,1.47607044836419,0.894226124323491,115,4.3,2.21231520407622,1.49196359406045,100.55083404531,0,10.9,481,0
0,1,89,1,1,0,1,1,1,21.4532871972318,60,1,0,4,0,1,1,2,6.2,2.89,74.8,3.83,12.36,27.78624,55.5,29.403,204.264,25.1,3.02,0.416,1.63,1.11,135,3.7,2.17,1.8,102.1,65.52,11.5,422,1
1,1,79,1,1,0,1,1,1,17.875,48,1,1,4,0,1,0,1,8.1,3.21,74.8,4.45,8.86,24.48792,430.3,34.83,184.896,159.1,4.5,0.536,1.52,1.02,124,4.4,2.48,1.63,23.3,32.4,33.2,564,1
0,1,67,1,2,0,0,1,1,17.7870315288519,96,1,0,1,1,1,0,1,8.1,4.6,105.4,6.37,5.59,37.39608,92.9,27.378,163.944,140.8,3.47,0.608,1.69,1.19,217,4.65,2.06,1.28,84.64,24.16,17.21,585.5,1
0,1,73,1,2,0,0,0,0,15.0156106519743,24,1,0,0,0,1,1,1,8.2,3.62,94.35,1.38,3.68,30.98736,100.5,29.16,129.24,91,2.71,1.584,1.35,0.53,184,4.5,2.45,1.4,43.99,16,16.7,535,0
0,1,72,1,2,0,0,1,0,17.6308539944904,60,1,0,0,0,1,0,2,8,3.24,84.15,3.22,14.78,25.3368,110.5,20.817,101.5,264.485054598113,2.98104471249241,0.68,2.04863479122127,0.83075011289438,324,5.03,1.9,1.4,101.4,30,21.13,172.7,1
0,1,67,1,2,0,0,1,0,19.5092211553117,96,0,0,4,0,0,0,1,7.6,3.67,96.05,11.76,11.07,29.23776,184.5,27.459,136.8,76,2.87,0.344,1.81,0.83,121,3.7,2.23,1.94,66.53,46.4,12.1,344,1
1,1,79,1,2,0,0,2,0,19.375,72,1,0,1,0,1,0,1,9.8,4.81,96.39,3.81,16.5,37.72008,53.8750714174934,26.73,110.6,276.241014331222,3.90620418168222,0.75,2.43169842064676,1.1172560258279,323,4.01,2.2055463853866,1.51457407093096,211.9,47.12,10.5,282,1
0,1,83,1,2,0,0,0,1,18.4240362811791,108,1,0,4,0,1,0,1,7.4,4.77,91.46,11.41,29.4,37.02024,36.6,28.35,100.296,188.8,3.52,0.784,1.54,1.45,238,4.34,2.32,1.67,876.3,48.4,20.9,783.8,1
0,1,83,1,2,0,0,0,1,19.3939393939394,100,1,0,4,1,1,1,1,8.6,4.27,76.245,0.31,16.3,50.01912,28.7,30.942,144.144,146,2.97,0.512,1.14,1.39,175,4.52,2.47,1.88,743,31.52,21.3,982,0
0,1,71,1,2,0,0,2,1,17.9247015610652,80,1,1,4,0,1,0,0,9.8,4.86,99.45,6.53,16.1,33.07392,284,24.786,106.128,154,2.18,0.288,0.98,0.93,217,5.28,2.01,2.27,867.8,30,21.8,900,1
0,1,49,1,3,0,0,1,1,19.8412698412698,96,1,0,0,0,0,0,1,5.5,5.24,99.11,10.02,11.3,35.05032,49.3,26.406,102.5,818.8,3.26,0.728,2.34,0.59,268,3.92,2.6,2.1,130.9,27.6,18.8,701.1,1
0,1,72,1,2,0,0,1,0,18.645344042454,60,1,1,4,0,1,0,3,7,4.42,81.43,3.01,10,39.80664,109,26.4876373861194,46.728,112.9,2.77,0.624,2.12,0.47,222,3.59,2.18,1.63,904.2,77.52,10.9,781.7,1
0,1,57,0,2,0,0,1,0,19.3337299226651,1,1,0,2,0,1,0,3,8.8,4.7,95.54,3.36,40.3,50.94576,129,30.132,193.968,94.3,4.29,0.36,2.12,1.86,200,4.76,2.39,2.46,238.2,21.36,21.3,991.1,1
0,1,48,0,4,0,0,2,1,25.1903114186851,2,1,0,1,1,1,1,3,7.3,4.43,82.025,4.17,13.3,31.68072,40.6,27.054,183.528,414.5,5.04,0.76,2.48,1.45,185,3.98,2.51,2.08,493.1,26,22.5,374.8,1
1,1,69,1,3,0,0,1,0,15.8078964206406,150,0,0,2,0,0,0,3,6.4,5.1,108.8,3.08,14.7,37.25352,74.1,23.166,122.184,350.2,2.66,1.2,1.4,1.22,166,3.92,2.55,1.23,684.4,25.1,27,1164.1,1
0,1,82,1,3,0,0,2,0,17.5770686857761,84,1,1,1,0,1,0,1,4.6,4.63,96.05,3.44,14.1,29.82744,238,32.967,167.112,410.4,3.8,0.516,1.6,0.85,185,5.59,2.3,2.33,546.9,50,16.8,546.7,1
0,1,43,1,4,0,0,1,0,26.5743944636678,6,1,0,0,0,1,1,1,8.6,5.02,105.995,4.97,17.4,32.4972,86.5,28.998,140.256,55.2,4.24,1.192,4.22,1.09,115,3.56,2.16,1.42,832.2,49.84,25.2,964.2,1
0,1,32,0,4,1,2,1,0,20.8979591836735,60,1,0,0,0,1,0,0,6.3,4.58,90.27,3.1,20.2,40.2732,222,33.372,196.416,427.9,2.72,1.736,3.52,0.75,185,3.55,2.16,1.37,665.1,37.28,20.6,647.4,1
0,1,75,1,2,0,0,0,0,18.066167337875,6,1,0,0,1,0,1,0,9.5,5.65,125.375,0.42,12.9,40.96656,1320,29.322,143.784,106.9,4.32,0.92,2.72,1.47,172,5.42,2.6,1.19,487.6,70,22.9,688,0
1,1,63,1,4,0,0,0,0,17.3370064279155,12,1,0,3,0,0,0,3,10.7,4.56,83.81,14.77,12.2,35.16696,128,28.431,132.912,229.8,3.34,0.816,2.64,1.55,388,4.45,1.93,1.64,884.8,43.6,17,687.6,0
0,1,72,1,1,0,0,0,0,25.5102040816327,72,1,0,0,0,1,0,2,12,5.21,105.145,5.01,14,36.78696,101,33.129,152.496,322,5.02034119647026,0.4,3.05,1.30637913077311,304,5.4,2.39,2.61,511.3,18,16.5,950.4,1
1,1,64,1,3,0,0,1,0,20.5820441712052,36,1,0,4,0,1,0,1,8.6,4.82,103.19,6.78,13.8,38.64672,18.6,26.649,128.088,255.7,4.71,0.456,3.18,1.4,231,4.63,2.41,1.95,803.5,23.12,26.2,740.5,1
0,1,51,1,4,0,0,0,0,18.2322631787554,84,1,0,3,1,0,0,1,5.9,5.36,121.635,5.71,16.3,35.74368,105,26.163,137.52,393.2,6.03,0.98,3.91830293544262,1.11,261,4.08,2.36,0.99,540.9,96.8,23.8,676.5,1
0,1,28,1,4,1,2,1,0,15.3086419753086,4,1,0,0,0,1,0,1,9.1,4.55,89.845,3.72,15.9,36.21024,372,26.649,132.264,312.7,5.48,1.28,2.51,1.55,241,3.86,2.4,2.44,539.8,68.16,13.5,906.6,0
0,1,40,1,4,1,2,2,0,20.2076124567474,2,1,0,4,1,1,0,3,5.1,4.76,97.92,7.69,12.4179770638976,37.4270807927192,42.7,26.163,109.008,227.2,4.54234017871818,0.728,3.93,1.36236408793933,130,4.73,2.6,1.25,922.4,81.6,22.9,346.6,0
0,1,76,1,3,0,0,0,1,17.8474851270957,12,1,1,4,0,0,0,3,4.7,4.31,96.645,2.37,5,42.24312,92.5,35.397,214.056,418.6,6.1,0.368,2.97,1.73,243,5.2,2.42,1.53,393.6,62.8,21.3,847.3,0
0,1,69,1,2,0,0,0,0,17.4979382552261,12,1,0,4,0,1,0,1,2.9,4.86,95.71,0.17,9.3,28.66752,39.4,27.54,128.376,238.6,3.95004485247752,0.624,2.56,1.315074306348,207,4.22,2.31,2.19,787,0,17.9,760.1,0
0,1,69,1,2,0,0,1,0,15.6841535965387,6,1,0,2,0,1,0,3,8.5,5.09,91.97,0.25,13.4,33.42384,157,27.297,149.472,379.4,4.27,0.84,2.07,1.03,400,3.98,2.19,2.08,355.1,42.48,24.3,1004.4,0
1,1,70,1,0,0,1,1,0,16.6493236212279,18,1,0,4,0,0,0,3,5.1,5.13,108.12,5.31,28.7,48.50928,119,25.92,141.048,252.8,5.92,0.568,2.74,1.32,237,4.82,2.19,2.38,288.8,18.32,12.3,579.7,0
1,1,42,1,1,0,0,0,0,24.8888888888889,12,1,0,0,0,0,0,1,8.2,5.44,115.43,3.08,16.6056630042817,42.2163823758224,49.9,26.244,155.376,252.3,4.45,0.632,1.97,1.34,124,5.41,2.26,1.18,834.3,74.16,20.5,894.3,0
1,1,56,1,3,0,0,0,0,21.6962524654832,96,1,0,2,0,1,0,1,8.7,4.4,80.665,2.81,13.3,28.43424,123,31.833,170.64,436.7,4.89,1.448,3.03,0.85,262,3.52,2.39,1.24,202.4,28,20.5,1012,1
0,1,80,1,2,0,0,0,0,18.75,120,1,0,0,0,0,0,3,8.4,5.3,112.88,2.2,12.4,37.13688,418,36.612,196.488,181.9,6.05,0.6,1.71,2.07,288,4.77,2.29,1.03,481.4,33.28,23.9,758.8,1
0,1,68,1,1,0,0,2,1,21.1570247933884,24,1,0,4,0,1,1,1,5.9,4.54,86.105,2.71,11.8790622855748,34.1954696281827,50.5,26.973,143.568,371.4,3.90928829871874,0.256,2.12,1.03206309532015,231,3.6,2.02,1.99,312.4,72.96,28.7,566.1,0
1,1,68,1,4,0,0,1,0,15.9375,108,1,0,3,0,1,0,3,7.1,4.39,81.09,0.56,10.2,27.27432,114.454059357235,30.213,168.912,163.3,5.53,0.408,2.82,2.12,188,3.79,2.57,1.04,124.8,76,16.6,827.5,0
1,1,55,1,4,1,2,1,0,18.2222222222222,24,1,0,4,0,0,0,2,9.3,4.7,97.24,1.33,15.9,41.31648,1030,28.998,170.28,131.4,4.09,1,2.82,1.03,158,3.85,2.45,1.99,907.7,76.48,15.7,746.1,0
0,1,43,1,4,0,0,0,0,15.3697083096662,108,1,0,4,0,1,0,2,3.6,4.79,99.62,1.45,28.5,38.41344,179,33.453,187.92,394.2,5.17,1.816,3.28,1.63,309,4.43,2.21,1.25,222.1,0,21.1,821.6,0
0,1,66,1,2,0,0,1,0,19.1609812744956,36,1,1,1,0,1,1,3,7.4,4.19,70.805,11.08,4.5,44.91288,17.9,28.188,151.128,89.7,2.84,0.816,4.11,1.24,242,5.35,2.57,2.73,536.2,0,17.8,925.7,0
0,1,74,1,4,0,0,1,1,16.8858131487889,180,1,0,3,0,1,0,1,7.8,4.81,94.18,3.35,16.8,37.83672,152.614587909785,26.892,148.824,224.2,3.8,0.88,2.24721997441898,2.02,137,3.68,2.58,1.11,540.7,25.68,28.3,1166.9,1
1,1,74,1,2,0,0,1,0,17.2736732570239,12,1,0,4,0,1,0,2,7.9,5.38,110.16,0.11,14,37.95336,62.5,27.864,159.048,142.7,4.03,0.627091148193097,2.29005581175047,1.53,187,4.27,2.17,2.2,671.1,0,19.8,818,0
1,0,43,1,2,0,0,1,0,18.2222222222222,140,0,0,4,1,1,0,0,10.2,4.29,88.485,4.04,5.7,48.28248,359,29.565,174.24,52.3,4.58,0.7,2.26181945247924,2.12,265,3.75,2.05,2.08,790,33.28,13.1,929.1,1
0,1,70,1,2,0,0,2,1,16.245929764364,18,1,0,0,0,1,1,2,7.8,4.94,95.455,3.07,11.6,32.73048,181.689713988995,24.3,114.984,429.6,4.16214882977769,0.816794450630584,2.68319982776754,1.41742900599962,236,4.42,2.3,1.3,134.7,65.36,23.8,874.3,0
0,1,76,1,4,0,0,2,0,17.6308539944904,12,1,0,1,0,1,1,0,10.7,5.45,124.78,3.97,22.9,37.02024,66.1,28.188,167.616,99.2,4.16,0.504,2.35,1.03,275,4.22,2.49,1.5,580.8,81.6,23.2,936.4,0
1,1,64,1,3,0,0,1,0,18.0372611842886,96,1,1,1,0,1,1,2,5.6,4.73,94.52,0.32,12.9,34.7004,7.93,29.727,160.992,250.6,4.57999136401739,0.56,2.9,1.38337939187136,213,5.19,2.09,1.48,209,14,22.8,894,0
1,1,50,0,4,1,2,0,0,20.5693296602388,4,1,0,4,0,0,0,3,9.6,4.53,89.845,0.33,9.9,26.9244,197.831893924311,25.677,145.728,252.7,4.53,1.344,3.03,1.99,253,5.15,2.47,2.66,676.8,51.04,21.7,953.7,0
0,1,73,1,4,0,0,1,0,15.4669839381321,1,1,1,0,0,1,0,1,9.1,4.74,102.85,2.93,16.8,40.2732,34.4,31.995,169.2,315.6,5.79,0,3.26217642280747,1.4,200,5.17,2.11,0.92,796.2,61.84,17.6,821.6,0
0,1,72,1,2,0,0,0,0,17.3663387136305,36,1,0,2,0,1,0,3,6.9,4.34,68.51,2.47,14.5,42.24312,96.4,31.59,181.008,372.9,3.98,1.184,1.45,1.71,118,4.17,2.5,2.07,677.2,41.04,20.7,858.4,0
1,1,53,1,3,0,0,1,0,18.1786703601108,4,1,0,4,0,1,0,3,8.2,5.14,105.995,0.86,17.2,38.88,11,30.051,205.632,57.1,4.63,1.536,3.54,2.09,264,4.72,2.46,1.44,453.3,65.44,24.8,556.9,0
1,1,57,1,4,0,0,1,0,16.796875,140,1,0,3,0,0,0,1,7.3,4.74,80.92,4.64,8.8,33.07392,68.2,29.322,169.776,272.1,5.15,0.548,2.66,1.84,230,4.94,2.33,1.23,518.7,42.08,18.5,896.8,1
1,1,42,0,4,1,2,0,0,17.7709427997779,12,1,0,1,0,1,1,1,9.1,4.7,80.155,3.7,29.7,37.02024,643,29.889,143.928,92.9,7.16,1.2,3.03,2.84,203,4.52,2.06,1.97,324.9,22.96,20.2,915.2,0
0,1,62,1,3,0,0,0,1,17.224803717353,200,1,0,1,0,1,1,1,7.4,5.16,113.56,2.14,16.3,41.43312,83.2,29.727,161.856,318.3,4.76,1.344,2.85,1.42,300,4.19,2.34,1.05,771.1,68.64,30,994.3,0
0,1,74,1,2,0,2,2,1,17.9930795847751,36,1,0,1,0,1,1,3,8.8,4.51,96.985,1,15.2,35.97696,204,29.484,162,375.9,3.13,0.424,2.53,0.88,237,3.72,2.54,1.15,575.9,64.24,17.1,966.2,0
0,1,45,0,4,0,0,0,0,17.6745360434289,6,1,0,4,0,1,0,1,11.5,4.41,86.615,2.82,11.5,45.02952,103,26.568,123.624,318.5,4.47,1.12,1.4,1.5,239,4.16,2.07,2.15,743.2,48.56,22,929.8,0
1,1,39,1,2,0,0,0,0,19.3333333333333,48,1,0,2,0,1,0,1,10,5.36,119.68,1.82,16.7,37.72008,67.7,28.836,134.424,210.6,3.65,0.888,2.66,1.11,295,3.94,2.28,1.78,487.8,28.48,23.3,989.7,0
1,1,49,1,3,0,0,1,0,19.0625,24,1,0,4,0,0,0,0,6,4.42,81.175,1.19,7.5,37.60344,177,27.459,128.736,242.1,4.68,0.752,2.66,1.55,299,4.7,2.18,2.48,460.7,83.2,20.2,793.6,0
0,1,73,1,3,0,0,0,0,17.439446366782,120,1,0,0,0,1,0,2,11.6,4.82,92.65,12.29,21.5,41.31648,170,28.35,177.624,148.7,4.01,0.784,2.95,1.4,256,4.46,2.59,2.02,588.5,44.4,26.3,408.4,0
0,1,42,0,4,0,0,1,0,21.362898864251,36,1,0,3,0,1,0,1,5.4,4.75,97.24,7.98,14,41.54976,41.2,31.995,154.728,363.8,4.55,0.776,2.87,2.2,225,3.95,2.21,2.18,948.4,41.36,27,985.9,1
0,1,46,0,3,1,2,2,1,19.1995673336939,108,1,0,4,0,1,0,0,10.3,4.3,84.065,4.46,8.2,45.72936,106,29.97,158.112,269.7,5.25,0.76,2.92,1.5,256,5.39,2.2,2.31,475.1,61.12,27.6,859.5,1
0,1,45,1,2,0,0,0,0,19.2592592592593,60,1,0,2,0,1,0,3,7.8,4.32,91.545,7.89,22.6,29.47752,14.9,25.596,144.864,350.3,4.24,1.088,3.65,2.17,233,3.96,2.23,2.25,757.3,45.68,22.3,575.4,1
0,1,76,1,4,0,0,1,0,15.7706572220923,30,1,0,2,0,1,0,2,5.1,4.73,95.03,2.21,17.3792248692025,42.2203682576275,86.5,28.998,160.92,227.3,3.9,0.288,2.17,1.58,207,5.49,1.95,1.25,767.1,83.2,21.4,906.4,0
1,1,51,1,4,0,0,0,0,16.25,12,1,0,1,0,0,1,2,4.2,4.45,92.82,0.9,10,34.00704,46,32.643,163.872,214.2,4.86,1.376,4.4,1.71,130,4.54,2.56,2.59,776.9,0,13.2,658.9,0
0,1,62,1,3,0,0,2,0,18.140589569161,40,1,0,1,0,1,1,3,8.5,4.58,94.86,1.38,18.8,42.82632,111,25.353,164.664,275.8,3.57,0.928,2.43,1.63,90,3.84,2.3,1.11,283.7,62.96,22.2,849,0
0,1,59,0,3,0,0,1,1,23.1983150697476,12,1,1,3,0,1,1,1,10.6,4.34,81.26,2.24,16.1,34.81704,209.232003145476,28.836,192.312,449.2,6.21,0.488,1.55,1.86,197,5.06,1.99,1.39,463.3,52.4,17.5,790.4,0
0,1,53,1,4,0,0,1,1,17.1071535968459,2,1,0,1,0,1,1,3,6,5.07,100.385,0.11,11.8,35.62704,122,31.266,168.84,221.1,4.73,0.248,3.31,1.34,249,3.64,2.13,1.48,446.4,55.6,22,1012.1,0
0,1,50,0,4,0,0,1,0,17.1287559878066,18,1,0,0,0,0,0,0,7.6,4.86,88.91,0.47,6.3,34.46712,124,31.185,154.512,357.1,6.18,1.02303180894083,3.7873270556148,0.98,136,3.51,2.37,1.61,926.1,122.4,18.4,899.6,0
0,1,63,1,3,0,0,1,0,18.7074829931973,12,1,0,1,0,1,1,2,5.3,5.31,108.97,2.29,12,43.17624,35.3,27.297,165.672,361.9,6.05,0.488,2.51,1.45,153,4.6,2.17,1.48,872.6,23.68,20.9,749.2,0
1,1,71,1,4,0,1,0,0,15.98750743605,108,1,0,0,0,0,0,0,4.8,4.54,93.67,4.15,13.6366805725686,29.5488,7.46,29.97,174.24,366.6,4.06,0.4,1.68,1.24,113,3.86,1.98,1.8,616.6,51.68,17.9,803.3,1
1,1,60,1,4,0,0,1,0,19.0625,12,1,0,4,0,0,1,3,8,3.9,81.175,1.15,9.3,42.00984,154,32.481,176.4,128.9,5.35,0.328,1.76,1.24,195,4.26,2.53,1.99,345.6,70.24,20,796.7,0
0,1,70,1,2,0,0,1,1,19.3771626297578,12,1,0,0,0,1,1,1,9.7,4.5,82.79,1.54,26,51.99552,65.7951895679198,30.618,147.384,215.5,6.21,0.688,2.04,1.58,263,3.92,2.11,1.79,235,70.8,21.2,1063.2,0
0,1,63,1,2,0,1,2,0,17.0431588613407,23,1,0,4,0,0,0,1,8.4,4.5,93.16,3.15,17.7,39.69,44.3,28.674,165.816,207.3,3.93620179378807,0.408,2.12,1.33829282228894,286,4.98,2.01,1.64,599.7,45.44,22.1,929.7,1
0,1,70,1,3,0,0,0,0,17.5096610923019,60,1,0,0,0,1,0,1,7.4,4.88,104.975,5.76,14.7501429917252,29.8728,24.8,22.599,127.872,438.5,6.26,0.544,3.16,2.95,271,3.71,2.35,1.01,153.9,84,15.8,835.5,1
0,1,39,1,3,1,2,0,1,18.6587344510546,120,1,0,0,0,0,0,0,7.1,4.34,87.89,4.4,12.4931655499012,32.4648,155,27.702,156.384,412.7,4.99,1.008,3.44,1.16,222,4.05,2.12,2.63,127,143.2,21.8,1023.9,1
0,1,67,1,1,0,0,1,0,17.0454545454545,10,1,0,1,0,1,1,3,6.5,4.54,88.74,4.64,16.3,37.4868,59.1,26.568,136.224,289.3,5.69,0.68,1.99,2.74,207,5.22,2.46,1.78,160.8,0,22.4,1145.4,0
1,1,68,1,4,0,0,1,0,16.796875,120,1,0,0,0,1,0,0,9.8,5.51,110.585,6.38,32.6,37.13688,7.69,30.537,120.816,158.7,3.83,0.248,2.2,1.27,186,5.08,2.13,1.72,637.2,74.4,21.6,845.4,1
0,1,54,0,4,0,0,1,1,15.5739210284665,140,1,0,3,0,1,0,0,9.4,4.33,86.445,4.73,16.5,37.13688,197.379448944871,27.135,136.944,105.4,4.11,3.56,4.03,1.4,167,4,2.32,1.62,611.6,96,20.3,742,1
0,1,66,1,2,0,0,1,1,19.6944830198207,120,1,0,4,0,1,0,0,7.3,4.77,92.565,5.86,16.5,44.4528,48.8,27.783,150.48,281.2,4.09488344552286,1.264,2.25,1.51419471042894,154,4.94,2.4,1.19,500.7,25.5,22,1084.5,1
1,1,80,1,4,0,1,1,0,19.3030338989755,6,1,0,0,0,1,0,3,4.5,4.48,74.8,3.66,20.1,38.41344,22.3500925272671,28.512,164.592,66.3,4.12015885030182,0.584,2.66,1.25502748635535,347,4.5,2.48,2.47,471,88,19.8,859.2,0
0,1,46,1,4,0,0,2,0,16.6645625552329,1,1,0,0,1,1,0,2,6.7,4.59,80.92,2.14,14.5790773753192,37.7875232231903,40.8,29.889,161.928,53.4,3.96,1.104,4.27,1.24,304,4.69,2.58,1.59,551.5,42.32,26.1,1110.1,0
0,1,41,0,4,0,2,1,1,20.9569498800657,72,1,0,2,0,1,0,0,10.7,5.09,105.825,0.46,17.7,36.32688,29,31.509,155.016,69.7,3.36,0.84,3.08,0.85,249,4.62,2.53,2.78,256,63.04,16.6,761.3,0
1,1,75,1,1,0,1,2,0,21.6430422191739,18,1,0,1,0,1,1,3,12.1,4.35,83.385,7.52,18.8,36.44352,36.9,30.213,159.984,299.3,4.37,0.416,2.74,1.73,276,4.58,2,2.4,920.2,43.36,13.9,680.6,0
1,1,66,1,3,0,0,2,0,16.2578022935114,72,1,1,3,0,1,0,3,9.3,4.76,106.845,7.04,17.4,38.64672,332,29.079,147.672,286.9,4.94,0.408,3.08,1.66,199,3.69,2.4,1.55,208.6,27.76,19.8,911.9,0
0,1,41,0,4,1,2,1,0,16.7658193618172,4,1,0,4,1,1,0,3,6.1,4.54,86.53,0.4,13.3,33.07392,233.22728671924,27.783,107.784,233.5,3.54,0.392690673032071,2.44872409866318,1.78,181,4.34,2.51,1.31,797.5,77.92,24.7,938,0
0,1,74,1,3,0,1,0,0,20.9750566893424,3,1,0,1,1,1,1,3,7.7,5.1,114.835,0.21,14.9,39.45672,77.5,26.649,152.136,219.2,4.68,0.48,2.02,0.96,328,5.12,2.36,1.72,593.1,65.44,22.7,1159,0
1,1,66,1,3,0,0,0,0,15.4899781275772,180,1,0,4,0,0,0,3,7.5,4.6,91.29,4.13,10.4,42.00984,192,32.481,187.272,257.9,4.16256999692443,1,2.22,1.33234688572138,136,3.96,2.19,0.93,793.6,34.24,11,456.8,1
0,1,43,0,3,0,0,0,0,15.495867768595,120,1,0,4,0,0,0,0,4.1,4.49,84.83,3.43,17.6,47.466,897,27.378,129.384,115.5,3.8,0.96,4.84,1.78,135,5.17,2.41,1,350,45.68,24.3,1006.1,1
1,1,69,1,3,1,2,0,0,17.0245153020349,150,1,0,0,0,0,0,0,7.7,4.53,92.395,2.46,12.5,44.6796,174,23.733,136.368,435.6,5.87,0.344,2.41,1.55,216,4.04,2.04,2.53,623.9,176,19.8,1075.4,0
0,1,78,1,4,0,0,0,0,17.6774463256592,1,1,0,4,0,0,0,2,9.5,5.16,114.58,1.13,20.4,28.43424,68.3,27.945,150.696,92.7,3.23,0.488,2.25,1.09,164,5.29,2.35,1.28,565.1,0,22.4,904.9,0
0,1,78,1,2,0,1,0,0,16.7183673469388,84,1,1,2,0,1,0,1,3.5,4.28,85.85,5.07,16.7,38.41344,299,27.783,167.544,376.5,5.2,0.792,2.64,1.34,196,4.08,1.94,1.03,421.1,16.56,18.6,796.6,0
1,1,68,1,4,0,0,2,0,17.224803717353,48,1,0,2,0,1,1,3,7.1,5.2,112.795,3.45,9,40.62312,53.8620968823963,32.157,172.296,278,4.16,1.056,4.22,1.29,287,4,2.12,1.67,196,84,22.7,843.9,1
0,1,73,1,2,0,0,1,1,17.0431588613407,36,1,1,4,0,1,0,0,8.2,4.66,94.095,3.16,6.8,45.02952,118,30.699,168.264,374.6,4.4,0.88,3.93,0.72,231,5.45,2.24,2,458.4,31.12,17.3,629.8,0
0,1,57,1,5,0,0,1,0,18.140589569161,36,1,0,1,0,1,1,0,6.5,4.3,76.67,5.51,10.9,45.72936,182,28.917,211.752,160.8,4.63,1.51976377508999,2.98907244358909,1.09,281,4.17,2.45,1.74,884.7,0,23.3,778.1,0
0,1,70,1,3,0,1,2,0,17.9930795847751,20,1,0,1,0,1,1,1,7.9,4.88,100.895,0.35,13.9671796179036,41.0241458926995,60.6,31.428,172.224,292.9,4.63,0.28,2.41,1.76,148,4.18,2.16,2.72,342.8,0,23.9,1034.7,0
1,1,71,1,3,0,0,2,0,16.1616161616162,190,1,0,0,0,0,0,1,10.7,4.51,83.215,8.99,29.4,38.2968,29,23.571,138.6,264.5,3,0.512,2.64,1.06,171,5.36,2.39,1.4,292.5,47.2,21.9,859.9,1
0,1,67,1,2,0,0,1,1,19.3771626297578,24,1,0,2,0,1,0,2,7.3,4.65,85.935,3.15,14.3,43.40304,37.5306372427345,24.219,99.792,195.1,2.64,1.072,2.79,0.98,283,4.98,2.02,2.37,170.1,40.56,23.4,836.1,0
0,1,63,1,3,0,2,1,1,18.3367768595041,18,1,0,1,0,1,1,3,4.6,4.95,92.565,0.99,8.8,36.6768,75,24.543,121.608,86.7,4.42,1.096,3.47,1.27,192,3.88,2.05,1.46,757.5,62.72,22.4,1080.1,0
1,1,75,1,2,0,1,2,0,17.5,1,1,0,3,1,1,1,3,7.3,5.41,96.475,2.73,17.7,43.63632,104,26.973,166.32,213.1,3.59,0.552,2.12,1.63,244,4.46,2.55,1.01,399.3,50.72,16.5,802.3,0
0,1,55,1,3,0,0,2,1,22.6989619377163,84,1,0,1,0,1,1,3,6.8,4.5,83.98,1.76,10.6,40.62312,49,28.188,138.384,418.5,3.54,1.128,3.57,1.5,258,5.03,2.41,1.14,638.1,89.6,17.3,708.4,0
0,1,74,1,3,0,1,0,0,15.907082439086,84,1,0,2,0,1,0,3,7.7,5.27,119.085,3.1,13.6,39.34008,43,26.325,142.56,157.4,4.03,0.624,3.44,1.4,84,4.09,2.15,2.23,465.6,339.2,21.6,987.9,1
1,1,49,1,2,0,2,0,0,15.89822725733,1,1,0,2,0,1,0,3,8.2,4.67,94.01,2.93,14.5,30.06072,27,26.487,134.208,133.1,3.70708027615826,0.776,2.59,1.42206358392152,210,5.15,2.38,1.02,767.8,58.64,17.3,773.6,0
1,1,36,1,4,0,0,1,0,18.8081632653061,20,1,0,1,0,1,1,1,10.5,4.84,100.81,0.25,17.2,33.42384,44.5,30.375,168.624,74.2,5.22,1.336,2.07,2.15,317,4.59,2.49,2.12,235.4,77.2,21.1,1063.8,0
1,1,75,1,2,0,2,0,0,17.2110868084191,1,1,0,1,1,1,0,3,5.4,5.07,99.11,3.60697966212347,19.5,40.03992,302,28.836,144.432,357.2,4.78,1.488,3.05,0.98,183,5.02,2.26,2.54,708.1,46.16,20.2,800.1,0
0,1,77,1,5,0,1,2,1,15.7785467128028,1,0,0,2,1,1,0,3,8.9,4.12,84.235,6.46,13.8,29.82744,167,33.615,187.056,184.6,4.14,0.632,2.2,1.27,258,4.43,2.37,2.05,346,66.72,23.8,811.5,0
0,1,73,1,2,0,0,1,1,17.3010380622837,250,1,1,0,0,0,0,0,4.5,4.91,99.025,4.47,15,34.23384,103,25.515,116.136,299.7,4.73,0.712,2.87,1.63,186,3.65,2.45,1.68,569.1,80,21.1,1165.8,1
0,1,74,1,3,0,1,1,0,15.0414901439025,65,0,1,0,0,1,0,3,7.2,4.37,81.345,7,25.8,40.38984,18.5,23.814,137.736,216.6,4.37,2.712,4.76,0.98,261,5.58,2.17,2.65,213.2,38.4,21.7,1049.3,1
0,1,45,1,3,1,2,1,0,21.9478737997256,250,1,1,0,0,0,0,1,7.8,4.93,105.91,10.28,10,35.5104,36.3,30.78,161.424,362.2,4.65,0.608,2.3,1.22,96,4.43,2.45,1.73,696.2,37.76,20.3,1053.8,1
0,1,62,1,1,0,0,1,0,21.5419501133787,24,1,1,1,0,1,1,0,11.7,4.37,62.815,0.45,12.1481828122933,31.8756829274653,139.197469486419,26.244,114.624,105.6,5.61,2.736,1.73,1.55,227,5.32,2.13,1.83,271.7,20.8,15.8,650.4,0
0,1,73,1,4,0,0,2,0,17.8200692041523,72,1,0,4,0,1,1,1,8.9,4.39,96.985,2.63,12.7,28.66752,552,33.291,162.504,333.4,4.84,0.568,2.51,1.4,165,4.03,2.5,2.39,609.3,50.56,26,1031.7,1
0,1,39,1,3,1,2,1,0,18.645344042454,96,1,0,1,0,0,1,1,9.2,4.73,85.765,1.38,10.7,40.62312,158,32.076,167.976,158.9,5.77,1.3377294871807,3.17852103233955,1.27,258,4.78,2,2.72,259.3,100.8,19.4,804.1,0
1,1,63,1,2,0,1,1,0,19.4734066290722,150,1,1,3,0,1,0,1,7.4,4.63,99.11,8.64,22.7,32.73048,42.2,27.945,155.232,266.4,4.71,1.064,2.43,1.37,306,4.76,2.5,2.45,589.8,37.76,24.5,1068.6,1
0,1,67,1,3,0,1,0,0,20.2076124567474,26,1,1,1,0,1,1,0,10.8,5.18,114.155,0.11,14,37.95336,19.1,27.297,145.8,94.9,4.71,0.528,2.92,1.32,141,4.77,2.57,1.25,504.9,0,21.4,786.5,0
0,1,45,1,3,0,0,0,1,16.3623082542001,24,1,0,0,0,1,0,0,7.1,4.35,79.475,0.22,8.1,40.38984,95.8,24.381,100.872,327.7,5.3,0.896,2.46,1.63,199,4.11,2,2.78,181.5,82.4,20.4,1020,0
0,1,52,0,3,0,0,1,1,18.5469387755102,2,1,0,1,0,1,1,3,6.8,5.37,115.855,0.11,21.1,43.51968,80.4,27.864,139.536,123.1,5.17,0.536,2.61,0.91,191,4.58,2.43,1.13,349.3,69.52,27.2,1062,0
0,1,56,0,4,0,0,0,0,21.038062283737,1,1,0,4,1,1,0,0,9,5.27,120.275,0.65,3.8,48.62592,97.1,28.269,153.576,285.8,3.96,1.272,1.53,1.53,255,5.4,2.34,2.41,536.9,49.76,22.8,938.8,0
0,1,74,1,1,0,0,0,0,20.829995193078,5,1,0,0,0,1,0,3,6.7,4.89,91.12,1.62,10,44.21952,183,28.836,162.216,117.1,5.3,0.4,1.89,1.66,112,4.28,2.01,1.53,804.4,63.84,20.7,914.7,0
1,1,70,1,4,0,0,2,0,18.358492595647,24,1,0,3,0,1,0,0,8.9,4.48,84.745,2.61,14.3,35.62704,32.4,31.752,168.84,276.4,4.71,0.376,2.87,0.8,103,4.45,2.06,1.1,465.1,0,17.5,776.1,0
1,1,78,1,1,0,1,1,0,19.818927075357,120,1,1,4,0,0,0,0,8.7,4.12,85.935,3.76,33.7,39.69,58.3,29.97,142.92,235.5,4.4,0.744,2.38,1.78,147,4.43,2.38,2.58,300.6,33.28,13.8,725.7,1
0,1,46,1,3,0,0,2,1,21.952479338843,18,1,1,1,0,1,1,1,9.1,4.5,78.285,10.59,15,42.59304,1750,30.456,160.704,79.7,6.59,1.92252585547631,3.19252752015956,2.17,153,4.84,2.02,2.19,301.3,0,23.9,822.4,0
0,1,73,1,4,0,0,2,0,17.5,120,1,1,4,0,1,1,1,11,4.96,103.87,11.5248665473196,11.1,31.79736,220,24.219,128.016,160.5,4.09,0.496,3.49,1.6,140,4.24,2.56,1.96,543.7,65.04,21.8,927.1,0
1,1,82,1,1,0,1,1,0,18.2898948331047,36,1,1,4,0,1,0,3,5.4,4.08,83.895,6.88,2.7,47.93256,33.8,27.945,125.928,250.9,5.92,0.224,2.56,1.32,172,4.37,2.43,2.35,706.8,92,13.3,633.3,1
1,1,84,1,4,0,1,1,0,19.9791883454735,60,1,1,2,0,1,0,3,10.3,4.54,84.405,2.08,19.7,23.21136,125,31.671,159.984,379.8,4.63,1.232,4.84,1.11,310,5.27,2.09,2.42,789.1,55.76,19.4,1047.5,1
1,1,66,1,3,0,1,1,0,19.505898382875,120,1,1,4,0,1,0,0,8.1,5.15,107.78,3.3,15.4,39.57336,149.104524254529,24.948,116.928,216.3,6.26,0.328,3.18,1.11,271,4.57,2.15,2.71,696.9,32.08,27.2,1110.3,1
0,1,40,0,4,1,2,0,0,18.2857142857143,4,1,0,2,0,1,0,2,8.7,4.42,92.735,3.81,14.9,32.61384,127,30.78,169.272,137,3.96,0.288,1.01,1.03,136,4.86,1.93,1.24,480.3,83.2,21.1,805.3,0
0,1,74,1,2,0,0,2,0,16.796875,48,1,1,4,0,1,1,0,6.8,4.05,78.795,0.15,18.3,37.37016,23.8,27.054,160.416,137.4,3.34,0.544,3.18,1.71,257,4.28,2.3,1.31,457.5,0,15.4,655.3,0
0,1,45,1,2,0,2,0,1,18.6587344510546,60,1,1,4,0,1,1,2,7.4,4.43,85.255,4.76,11.7269875218796,31.428,64.7,27.135,117.576,254.2,4.34,1,2.87,1.27,146,5.25,2.43,2.09,503.1,42.24,23.9,1071.9,1
1,1,64,1,2,0,0,2,0,18.125,120,1,1,1,0,1,1,0,7.4,5.29,103.955,10.52,19.9,36.21024,219,25.353,144.216,332.8,3.57,0.432,2.64,1.78,230,5.55,2.2,0.96,332.3,28,20.3,822.3,1
1,1,60,1,2,0,0,1,0,16.4753401360544,72,1,1,4,0,0,0,0,8.1,4.78,92.48,5.91,10.4,44.4528,101,31.833,156.672,372.4,6.47271607721579,0.888,5.04,1.67548522217479,143,4.65,2.27,2.01,873.2,38.8,20.5,805.3,1
0,1,52,1,3,1,2,0,0,20.7044565080167,24,1,1,0,0,0,0,0,6.5,4.4,91.885,0.85,12.9,33.65712,17,31.752,177.48,328,4.29,1.096,3.54,1.34,310,3.51,2.17,1.73,932,41.12,24.5,945.6,0
0,1,39,1,4,0,2,0,0,23.2525951557093,24,1,0,4,0,1,0,3,9.6,4.21,66.725,6.933369436425,13.1,33.19056,139,34.83,176.688,223.7,3.8,0.648,1.81,1.63,219,5.18,2.39,1.92,123.3,0,20.7,802.2,0
1,1,65,1,3,0,1,0,0,17.03125,12,1,0,4,0,1,0,1,7.7,4.77,90.78,7.22,21,35.97696,5.6,30.699,140.904,212.7,2.97,1.168,3.93,1.71,170,4.09,2.52,1.21,907.8,32.4,19.7,1007.3,0
1,1,49,1,4,0,0,1,0,19.1467221644121,60,1,0,4,0,1,0,0,5.4,5.01,96.9,3.79,18.8,30.87072,11,32.481,199.44,234.6,7.76,0.416,1.91,1.66,209,3.83,2.17,1.54,337.7,38.4,22.5,1041.9,1
1,1,55,1,2,0,0,2,0,16.8242268867169,260,1,0,4,0,1,0,0,7.7,4.45,80.835,2.57,28.1,39.92328,131,29.97,142.776,152.3,5.25,0.76,2.35,1.66,217,4.54,2.4,1.29,918.4,32.56,15.8,682.8,1
1,1,35,0,4,1,2,0,0,18.7074829931973,50,1,1,0,0,0,0,3,7.9,4.68,101,20.44,23.32,58.09,240.5,38,302.4,321.2,3.56,1.31,1.97,1.38,196,4.6,2.13,1.95,386.4,92.8,29.38,861.3,0
0,1,48,1,3,0,0,2,0,17.0705685108977,60,0,1,2,0,1,0,2,6.4,4.21,125,13.36,14.78,66.29,159,30.6,256.1,192.9,5.55,1.92,2.95,1.16,309,3.7,2.48,1.58,520.3,47.5,24.2,735.6,0
0,1,55,1,3,0,0,1,0,20.0108166576528,36,1,1,0,0,1,1,0,7.4,3.29,142,23.03,14.48,52.68,400.7,34.5,185.7,225.5,4.79,1.61,3.28,1.54,251,3.9,2.48,1.9,402,34.3,17.37,600.4,0
0,1,36,1,4,0,0,1,0,17.4190738859051,24,1,0,4,0,1,0,3,6.4,3.95,120,7.99,12.41,48.31,163,31.1,251.5,302.7,3.5,2.18,1.45,1.81,184,4.5,2.25,1.77,227.5,46.9,27.18,906.8,0
1,1,58,1,3,0,0,1,0,20.6125707649877,60,1,0,3,0,1,0,3,7.6,4.83,111,21.91,14.98,45.74,342.9,35.6,169.1,258.5,4.95,1.68,1.44,1.72,157,3.8,2.41,1.07,568.9,87.3,17.83,1044.1,0
1,1,62,1,2,0,0,1,0,16.503765422208,120,1,0,4,0,1,1,3,7.1,4.22,125,18.96,20.03,55.66,348.6,37.4,234.6,287.3,3.57,2.88,2.25,1.99,197,4.9,2.42,1.56,527.4,38,25.21,793.3,0
1,1,60,1,3,0,0,2,0,15.9375,60,1,1,4,0,1,0,3,8.2,3.77,120,22.88,11.75,65.45,136.5,39.3,180.2,136.2,4.82,1.46,2.01,1.65,140,4.9,2.16,1.04,409.7,85.2,21.19,607,0
0,1,52,1,3,0,0,1,0,20.4519631359677,48,1,1,1,0,1,1,3,9.5,5.02,130,23.2,22.27,69.71,344.3,44.1,166.3,300.2,4.96,2.85,1.67,1.44,238,3.8,2.09,1.83,389,89.3,22.6,1116.4,0
0,1,38,0,4,1,2,1,0,20.3755102040816,36,1,0,3,0,0,0,0,8.1,4.7,137,11.1,24.34,60.7,366.7,42.2,197,131.9,3.68,2.35,1.82,0.94,168,4.9,2.12,1.12,327.9,95.6,21.91,657.5,0
0,1,46,1,3,0,0,0,0,20.2076124567474,60,1,1,4,0,1,0,0,9,3.24,117,13.01,9.1,56.69,257.7,41.7,193.1,295.3,6.03,2.06,3.1,1.35,165,3.9,2.17,1.41,242.7,41.8,17.02,808.6,0
1,1,50,1,3,0,0,0,0,17.8465199286139,72,1,1,4,0,1,0,2,8.2,5.01,141,13.84,20.05,51.86,405.8,38.1,254.9,253.5,4.09,2.85,3.22,1.16,237,4.1,2.31,1.36,548,56.8,28.33,557.7,0
1,1,31,0,4,1,2,1,0,17.3754000914495,24,1,0,0,0,1,1,1,6.6,3.51,137,16.25,17.56,47.45,240.6,33.4,242.1,132.7,4.71,1.68,3.18,1.67,184,4.2,2.28,1.71,587.7,59.1,22.45,499.4,0
0,1,43,1,4,0,0,0,0,17.6308539944904,36,1,0,1,0,1,0,3,9.1,4.9,140,22.28,9.63,69.07,347,37,232.1,326.7,3.81,2.65,2.46,1.75,148,3.8,2.41,1.96,409.4,57.5,26.23,500.6,0
0,1,67,1,3,0,0,0,1,19.1894962757228,60,1,0,1,0,0,0,0,6.2,3.81,92,10.96,10.59,54.22,175.2,40.5,185.9,146.7,5.11,1.42,3.34,1.17,184,3.9,2.08,1.11,316.8,80.7,20.05,548.9,0
1,1,72,1,1,0,0,2,0,18.6683729158041,72,1,1,4,0,1,0,0,10,5.06,117,19.95,21.16,64.93,243.7,38.9,319,249.8,5.03,1.28,2.74,1.09,197,5,2.21,0.99,382.9,50.9,22.2,894.3,0
1,1,69,1,2,0,1,1,0,20.7275655614299,60,1,1,0,0,1,1,1,7.2,3.92,113,15.79,12.85,71.72,204.7,31.4,236.4,207.9,5.69,1.14,2.79,1.24,179,3.8,2.32,1.57,301.9,59.7,15.44,844.2,0
0,1,34,1,4,1,2,2,0,21.7051294327939,36,1,0,2,0,1,0,1,6.6,3.25,138,27.13,20.79,65.68,250.5,40.2,352,127,5.1,1.98,2.67,1.13,211,4.8,2.01,1.54,203.5,76.2,15.98,1165.6,0
0,1,47,1,4,0,0,2,0,21.6673272559123,48,1,0,4,0,0,1,2,6.6,5.18,137,9.37,24.76,72.25,289.8,32.1,336.7,212.2,4.76,2.08,2.23,0.88,186,4.2,2.43,1.52,425.6,83.9,23.31,991.3,0
0,1,58,1,3,0,0,1,1,21.6942148760331,36,1,0,3,0,1,0,3,9.5,4.52,119,16.03,24.7,50.91,201.1,35.3,292.8,289.9,5.04,1.2,2.69,0.95,305,4,2.43,1.11,364.5,71.1,20.79,990.5,0
1,1,64,1,3,0,0,1,0,19.9816345270891,60,1,1,1,0,1,1,0,9.5,3.46,133,22.36,17.2,55.1,366.7,31.2,299.1,115.3,5.5,3.08,3.48,1.05,213,4.1,2.08,1.49,392.4,63.9,27.84,688.7,0
1,1,69,1,2,0,0,1,0,15.0551394482291,60,1,1,1,0,1,0,1,6.2,4.98,97,24.5,15.92,58.31,234,32.4,325.5,294.5,4.13,2.76,3.39,1.97,250,4,2.36,1.85,608.5,30.9,18.87,863.9,0
1,1,71,1,1,0,1,1,0,16.25,72,1,1,1,0,0,0,1,6.5,3.19,133,9.56,16.87,67.68,284.4,43.4,287.2,322.2,5.94,1.72,2.61,1.13,213,3.9,2.12,1.94,336.1,68.2,29.09,607.5,0
1,1,65,1,2,0,0,2,0,18.358492595647,60,1,0,4,0,0,0,1,5.8,4.96,106,25.63,25.34,52.15,297.7,34,324.2,122.1,4.99,2.24,2.88,1.79,316,4.9,2.08,1.3,190,72.1,22.47,1036.1,0
1,1,63,1,3,0,0,1,0,16.6335348289991,60,1,0,2,0,1,1,0,6.4,3.69,129,24.42,20.65,49.68,391.7,35.1,179.3,163.3,3.79,2.22,2.24,1.63,272,3.7,2.2,1.43,554.6,75.1,20.05,888.4,0
1,1,57,1,3,0,0,2,0,18.5947264136565,48,1,0,4,0,1,0,1,10.1,5.08,114,16.06,24.72,58.25,269.9,37.2,233.6,198.4,5.5,2.68,1.49,1.46,195,4.7,2.2,1.46,430.9,35.3,21.07,1016.9,0
