"row_index","Set"
1,"Validation"
2,"Training"
3,"Training"
4,"Training"
5,"Training"
6,"Training"
7,"Training"
8,"Training"
9,"Training"
10,"Training"
11,"Training"
12,"Training"
13,"Training"
14,"Validation"
15,"Training"
16,"Training"
17,"Training"
18,"Validation"
19,"Training"
20,"Validation"
21,"Training"
22,"Validation"
23,"Training"
24,"Training"
25,"Training"
26,"Training"
27,"Training"
28,"Validation"
29,"Training"
30,"Validation"
31,"Training"
32,"Training"
33,"Training"
34,"Training"
35,"Training"
36,"Training"
37,"Training"
38,"Training"
39,"Training"
40,"Validation"
41,"Validation"
42,"Training"
43,"Training"
44,"Training"
45,"Validation"
46,"Training"
47,"Validation"
48,"Training"
49,"Training"
50,"Validation"
51,"Validation"
52,"Validation"
53,"Training"
54,"Training"
55,"Training"
56,"Validation"
57,"Training"
58,"Training"
59,"Training"
60,"Validation"
61,"Training"
62,"Training"
63,"Training"
64,"Training"
65,"Validation"
66,"Training"
67,"Validation"
68,"Training"
69,"Training"
70,"Validation"
71,"Training"
72,"Training"
73,"Training"
74,"Training"
75,"Validation"
76,"Training"
77,"Training"
78,"Training"
79,"Training"
80,"Validation"
81,"Training"
82,"Validation"
83,"Training"
84,"Validation"
85,"Training"
86,"Training"
87,"Training"
88,"Training"
89,"Training"
90,"Training"
91,"Training"
92,"Training"
93,"Validation"
94,"Validation"
95,"Training"
96,"Validation"
97,"Validation"
98,"Training"
99,"Validation"
100,"Training"
101,"Validation"
102,"Validation"
103,"Training"
104,"Training"
105,"Training"
106,"Training"
107,"Training"
108,"Training"
109,"Training"
110,"Training"
111,"Validation"
112,"Training"
113,"Training"
114,"Training"
115,"Validation"
116,"Validation"
117,"Training"
118,"Training"
119,"Training"
120,"Training"
121,"Validation"
122,"Training"
123,"Validation"
124,"Validation"
125,"Training"
126,"Training"
127,"Training"
128,"Validation"
129,"Validation"
130,"Training"
131,"Training"
132,"Training"
133,"Validation"
134,"Training"
135,"Training"
136,"Validation"
137,"Training"
138,"Validation"
139,"Training"
140,"Validation"
141,"Validation"
142,"Training"
143,"Training"
144,"Training"
145,"Validation"
146,"Training"
147,"Training"
148,"Validation"
149,"Training"
150,"Training"
151,"Training"
152,"Training"
153,"Training"
154,"Training"
155,"Training"
156,"Training"
157,"Training"
158,"Training"
159,"Training"
160,"Training"
161,"Validation"
162,"Training"
163,"Training"
164,"Training"
165,"Training"
166,"Training"
167,"Training"
168,"Training"
169,"Validation"
170,"Training"
171,"Training"
172,"Training"
173,"Training"
174,"Validation"
175,"Validation"
176,"Training"
177,"Validation"
178,"Validation"
179,"Training"
180,"Training"
181,"Validation"
182,"Training"
183,"Validation"
184,"Training"
185,"Training"
186,"Training"
187,"Validation"
188,"Training"
189,"Validation"
190,"Training"
191,"Validation"
192,"Validation"
193,"Training"
194,"Training"
195,"Training"
196,"Training"
197,"Training"
198,"Validation"
199,"Training"
200,"Training"
201,"Training"
202,"Training"
203,"Training"
204,"Validation"
205,"Validation"
206,"Validation"
207,"Training"
208,"Validation"
209,"Training"
210,"Validation"
211,"Validation"
212,"Training"
213,"Validation"
214,"Training"
215,"Validation"
216,"Training"
217,"Training"
218,"Validation"
219,"Training"
220,"Training"
221,"Validation"
222,"Training"
223,"Validation"
224,"Training"
225,"Validation"
226,"Training"
227,"Training"
228,"Training"
229,"Training"
230,"Validation"
231,"Training"
232,"Training"
233,"Training"
234,"Training"
235,"Validation"
236,"Validation"
237,"Training"
238,"Training"
239,"Training"
240,"Training"
241,"Training"
242,"Validation"
243,"Validation"
244,"Validation"
245,"Validation"
246,"Training"
247,"Training"
248,"Training"
249,"Training"
250,"Training"
251,"Training"
252,"Training"
253,"Training"
254,"Training"
255,"Training"
256,"Validation"
257,"Training"
258,"Training"
259,"Training"
260,"Validation"
261,"Training"
262,"Training"
263,"Training"
264,"Validation"
265,"Training"
266,"Training"
267,"Training"
268,"Validation"
269,"Training"
270,"Training"
271,"Training"
272,"Validation"
273,"Training"
274,"Training"
275,"Validation"
276,"Validation"
277,"Training"
278,"Training"
279,"Validation"
280,"Training"
281,"Training"
282,"Validation"
283,"Training"
284,"Training"
285,"Validation"
286,"Training"
287,"Training"
288,"Training"
289,"Training"
290,"Validation"
291,"Training"
292,"Training"
293,"Training"
294,"Training"
295,"Validation"
296,"Training"
297,"Validation"
298,"Training"
299,"Training"
300,"Training"
301,"Validation"
302,"Validation"
303,"Validation"
304,"Validation"
305,"Training"
306,"Training"
307,"Training"
308,"Validation"
309,"Validation"
310,"Training"
311,"Validation"
312,"Training"
313,"Training"
314,"Training"
315,"Validation"
316,"Validation"
317,"Training"
318,"Training"
319,"Training"
320,"Training"
321,"Training"
322,"Training"
323,"Training"
324,"Validation"
325,"Validation"
326,"Training"
327,"Training"
328,"Training"
329,"Training"
330,"Validation"
331,"Validation"
332,"Validation"
333,"Validation"
334,"Training"
335,"Training"
336,"Training"
337,"Validation"
338,"Training"
339,"Training"
340,"Validation"
341,"Training"
342,"Validation"
343,"Training"
344,"Training"
345,"Training"
346,"Validation"
347,"Validation"
348,"Validation"
349,"Training"
350,"Validation"
351,"Training"
352,"Training"
353,"Training"
354,"Training"
355,"Training"
356,"Training"
357,"Training"
358,"Training"
359,"Training"
360,"Training"
361,"Training"
362,"Validation"
363,"Training"
364,"Validation"
365,"Validation"
366,"Training"
367,"Training"
368,"Training"
369,"Training"
370,"Validation"
371,"Training"
372,"Training"
373,"Training"
374,"Training"
375,"Training"
376,"Training"
377,"Validation"
378,"Training"
379,"Training"
380,"Training"
381,"Training"
382,"Training"
383,"Training"
384,"Training"
385,"Validation"
386,"Training"
387,"Training"
388,"Training"
389,"Training"
390,"Training"
391,"Training"
392,"Training"
393,"Validation"
394,"Validation"
395,"Training"
396,"Validation"
397,"Training"
398,"Training"
399,"Training"
400,"Training"
401,"Training"
402,"Training"
403,"Training"
404,"Training"
405,"Validation"
406,"Training"
407,"Training"
408,"Validation"
409,"Training"
410,"Training"
411,"Training"
412,"Training"
413,"Validation"
414,"Training"
415,"Validation"
416,"Training"
417,"Training"
418,"Training"
419,"Training"
420,"Validation"
